-- Pattern solution additions
ALTER TABLE public.implementation_package ADD COLUMN IF NOT EXISTS type character varying(255);

-- Set solution types for existing workflow packages
UPDATE public.implementation_package SET type = 'workflow_editor' WHERE id IN ('74e800a9-60c9-4561-a273-db80e513779b', '30e2883c-39e2-4188-915e-f70e793c5d4c');

-- Knowledge artifact entries for new algorithms, implementations, and files
INSERT INTO public.knowledge_artifact (id, creation_date, last_modified_at) VALUES ('097f2afb-b5e0-489c-bf8b-25aa435f1f17', NULL, NULL);
INSERT INTO public.knowledge_artifact (id, creation_date, last_modified_at) VALUES ('13347270-1e8f-432f-9930-1d43f3520b13', NULL, NULL);
INSERT INTO public.knowledge_artifact (id, creation_date, last_modified_at) VALUES ('249424f5-05ff-4246-9a25-33fa3146ca8d', NULL, NULL);
INSERT INTO public.knowledge_artifact (id, creation_date, last_modified_at) VALUES ('25d7c366-1e9b-422a-b31a-d046d2426f35', NULL, NULL);
INSERT INTO public.knowledge_artifact (id, creation_date, last_modified_at) VALUES ('2778bd5b-4818-43b3-bdd9-226adbaab82d', NULL, NULL);
INSERT INTO public.knowledge_artifact (id, creation_date, last_modified_at) VALUES ('2814c4d7-2763-4fd4-ac23-1c1c4c4ca935', NULL, NULL);
INSERT INTO public.knowledge_artifact (id, creation_date, last_modified_at) VALUES ('297705dd-bbd1-40fb-b488-93a0a2479485', NULL, NULL);
INSERT INTO public.knowledge_artifact (id, creation_date, last_modified_at) VALUES ('2c2382ba-b145-4e37-a463-632a7cdd4b16', NULL, NULL);
INSERT INTO public.knowledge_artifact (id, creation_date, last_modified_at) VALUES ('38238b94-61ee-41f3-8b19-bb63f178a5fe', NULL, NULL);
INSERT INTO public.knowledge_artifact (id, creation_date, last_modified_at) VALUES ('38a07846-752f-47ec-90e5-274143586904', NULL, NULL);
INSERT INTO public.knowledge_artifact (id, creation_date, last_modified_at) VALUES ('3b67ba6c-46b8-4788-99e4-3790a393c023', NULL, NULL);
INSERT INTO public.knowledge_artifact (id, creation_date, last_modified_at) VALUES ('40268dc8-1e82-4b6b-8d78-b32f48815d2e', NULL, NULL);
INSERT INTO public.knowledge_artifact (id, creation_date, last_modified_at) VALUES ('4e253e6d-f9f6-44eb-bce3-ba8584bc8afa', NULL, NULL);
INSERT INTO public.knowledge_artifact (id, creation_date, last_modified_at) VALUES ('4e4d31fc-6b46-411f-bf4c-d644944dd682', NULL, NULL);
INSERT INTO public.knowledge_artifact (id, creation_date, last_modified_at) VALUES ('527f3911-6549-4e07-b6a7-e8af1371f277', NULL, NULL);
INSERT INTO public.knowledge_artifact (id, creation_date, last_modified_at) VALUES ('58e98546-6a3c-464a-b5d6-f19097ab8caf', NULL, NULL);
INSERT INTO public.knowledge_artifact (id, creation_date, last_modified_at) VALUES ('5a5b3d81-e2b8-42c8-8955-ecca85d9fbe0', NULL, NULL);
INSERT INTO public.knowledge_artifact (id, creation_date, last_modified_at) VALUES ('6d2c6bdf-f00d-428f-9941-740bab19859f', NULL, NULL);
INSERT INTO public.knowledge_artifact (id, creation_date, last_modified_at) VALUES ('71e50784-3c73-4a29-805c-b901cc2901a5', NULL, NULL);
INSERT INTO public.knowledge_artifact (id, creation_date, last_modified_at) VALUES ('71fc3324-205e-4e19-9ab7-4496956bdf42', NULL, NULL);
INSERT INTO public.knowledge_artifact (id, creation_date, last_modified_at) VALUES ('7e171909-a31d-465e-a50d-f39e24112323', NULL, NULL);
INSERT INTO public.knowledge_artifact (id, creation_date, last_modified_at) VALUES ('7ef3039b-f934-4f93-99aa-9faf8b08dd00', NULL, NULL);
INSERT INTO public.knowledge_artifact (id, creation_date, last_modified_at) VALUES ('93ca986a-6bab-4f9b-9c3e-0c22c991f042', NULL, NULL);
INSERT INTO public.knowledge_artifact (id, creation_date, last_modified_at) VALUES ('9fed54f5-edbd-49f6-a5fb-721a6e20d702', NULL, NULL);
INSERT INTO public.knowledge_artifact (id, creation_date, last_modified_at) VALUES ('b92d03a6-4023-49e6-95f5-889b66c0e8e3', NULL, NULL);
INSERT INTO public.knowledge_artifact (id, creation_date, last_modified_at) VALUES ('b9450d3c-230f-4509-9ed9-2f95ce69a73c', NULL, NULL);
INSERT INTO public.knowledge_artifact (id, creation_date, last_modified_at) VALUES ('c46652b7-e626-4d3d-ac81-8a33d3207bb3', NULL, NULL);
INSERT INTO public.knowledge_artifact (id, creation_date, last_modified_at) VALUES ('c65cb7ab-51ee-4078-ad2b-d1aefa067ab4', NULL, NULL);
INSERT INTO public.knowledge_artifact (id, creation_date, last_modified_at) VALUES ('ce015060-c4da-47f2-a06f-b8d46e150cf3', NULL, NULL);
INSERT INTO public.knowledge_artifact (id, creation_date, last_modified_at) VALUES ('d3a347ed-ba0e-4945-9b1e-50514c09ef57', NULL, NULL);
INSERT INTO public.knowledge_artifact (id, creation_date, last_modified_at) VALUES ('dcfcdf31-0ef9-4ca9-885f-0f7848509b72', NULL, NULL);
INSERT INTO public.knowledge_artifact (id, creation_date, last_modified_at) VALUES ('e4bd89a5-e590-4971-aaba-95a8d8f11f57', NULL, NULL);
INSERT INTO public.knowledge_artifact (id, creation_date, last_modified_at) VALUES ('f9d04d26-80f7-464c-95e1-9b87a738e8f0', NULL, NULL);

-- New algorithms for pattern solutions
INSERT INTO public.algorithm (acronym, algo_parameter, assumptions, computation_model, input_format, intent, name, output_format, problem, solution, id) VALUES (NULL, NULL, NULL, NULL, NULL, NULL, 'Basis Encoding', NULL, NULL, NULL, '6d2c6bdf-f00d-428f-9941-740bab19859f');
INSERT INTO public.algorithm (acronym, algo_parameter, assumptions, computation_model, input_format, intent, name, output_format, problem, solution, id) VALUES (NULL, NULL, NULL, NULL, NULL, NULL, 'Matrix Encoding', NULL, NULL, NULL, '249424f5-05ff-4246-9a25-33fa3146ca8d');
INSERT INTO public.algorithm (acronym, algo_parameter, assumptions, computation_model, input_format, intent, name, output_format, problem, solution, id) VALUES (NULL, NULL, NULL, NULL, NULL, NULL, 'Schmidt Decomposition', NULL, NULL, NULL, '7ef3039b-f934-4f93-99aa-9faf8b08dd00');
INSERT INTO public.algorithm (acronym, algo_parameter, assumptions, computation_model, input_format, intent, name, output_format, problem, solution, id) VALUES (NULL, NULL, NULL, NULL, NULL, NULL, 'Amplitude Encoding', NULL, NULL, NULL, 'dcfcdf31-0ef9-4ca9-885f-0f7848509b72');
INSERT INTO public.algorithm (acronym, algo_parameter, assumptions, computation_model, input_format, intent, name, output_format, problem, solution, id) VALUES (NULL, NULL, NULL, NULL, NULL, NULL, 'Angle Encoding', NULL, NULL, NULL, 'ce015060-c4da-47f2-a06f-b8d46e150cf3');
INSERT INTO public.algorithm (acronym, algo_parameter, assumptions, computation_model, input_format, intent, name, output_format, problem, solution, id) VALUES (NULL, NULL, NULL, NULL, NULL, NULL, 'SWAP Test', NULL, NULL, NULL, 'e4bd89a5-e590-4971-aaba-95a8d8f11f57');
INSERT INTO public.algorithm (acronym, algo_parameter, assumptions, computation_model, input_format, intent, name, output_format, problem, solution, id) VALUES (NULL, NULL, NULL, NULL, NULL, NULL, 'Unified Execution', NULL, NULL, NULL, '71fc3324-205e-4e19-9ab7-4496956bdf42');
INSERT INTO public.algorithm (acronym, algo_parameter, assumptions, computation_model, input_format, intent, name, output_format, problem, solution, id) VALUES (NULL, NULL, NULL, NULL, NULL, NULL, 'Standalone Circuit Execution', NULL, NULL, NULL, '4e253e6d-f9f6-44eb-bce3-ba8584bc8afa');
INSERT INTO public.algorithm (acronym, algo_parameter, assumptions, computation_model, input_format, intent, name, output_format, problem, solution, id) VALUES (NULL, NULL, NULL, NULL, NULL, NULL, 'Quantum Hardware Selection', NULL, NULL, NULL, '3b67ba6c-46b8-4788-99e4-3790a393c023');
INSERT INTO public.algorithm (acronym, algo_parameter, assumptions, computation_model, input_format, intent, name, output_format, problem, solution, id) VALUES (NULL, NULL, NULL, NULL, NULL, NULL, 'Hybrid Module', NULL, NULL, NULL, '4e4d31fc-6b46-411f-bf4c-d644944dd682');

-- Mark new algorithms as quantum algorithms
INSERT INTO public.quantum_algorithm (nisq_ready, quantum_computation_model, speed_up, id) VALUES (false, 0, NULL, '6d2c6bdf-f00d-428f-9941-740bab19859f');
INSERT INTO public.quantum_algorithm (nisq_ready, quantum_computation_model, speed_up, id) VALUES (false, 0, NULL, '249424f5-05ff-4246-9a25-33fa3146ca8d');
INSERT INTO public.quantum_algorithm (nisq_ready, quantum_computation_model, speed_up, id) VALUES (false, 0, NULL, '7ef3039b-f934-4f93-99aa-9faf8b08dd00');
INSERT INTO public.quantum_algorithm (nisq_ready, quantum_computation_model, speed_up, id) VALUES (false, 0, NULL, 'dcfcdf31-0ef9-4ca9-885f-0f7848509b72');
INSERT INTO public.quantum_algorithm (nisq_ready, quantum_computation_model, speed_up, id) VALUES (false, 0, NULL, 'ce015060-c4da-47f2-a06f-b8d46e150cf3');
INSERT INTO public.quantum_algorithm (nisq_ready, quantum_computation_model, speed_up, id) VALUES (false, 0, NULL, 'e4bd89a5-e590-4971-aaba-95a8d8f11f57');
INSERT INTO public.quantum_algorithm (nisq_ready, quantum_computation_model, speed_up, id) VALUES (false, 0, NULL, '71fc3324-205e-4e19-9ab7-4496956bdf42');
INSERT INTO public.quantum_algorithm (nisq_ready, quantum_computation_model, speed_up, id) VALUES (false, 0, NULL, '4e253e6d-f9f6-44eb-bce3-ba8584bc8afa');
INSERT INTO public.quantum_algorithm (nisq_ready, quantum_computation_model, speed_up, id) VALUES (false, 0, NULL, '3b67ba6c-46b8-4788-99e4-3790a393c023');
INSERT INTO public.quantum_algorithm (nisq_ready, quantum_computation_model, speed_up, id) VALUES (false, 0, NULL, '4e4d31fc-6b46-411f-bf4c-d644944dd682');

-- New implementations for pattern solutions
INSERT INTO public.implementation (assumptions, contributors, dependencies, description, input_format, license, link, name, technology, output_format, parameter, problem_statement, version, id, implemented_algorithm_id) VALUES (NULL, NULL, NULL, NULL, NULL, NULL, NULL, 'Basis Encoding implementation', NULL, NULL, NULL, NULL, NULL, 'b9450d3c-230f-4509-9ed9-2f95ce69a73c', '6d2c6bdf-f00d-428f-9941-740bab19859f');
INSERT INTO public.implementation (assumptions, contributors, dependencies, description, input_format, license, link, name, technology, output_format, parameter, problem_statement, version, id, implemented_algorithm_id) VALUES (NULL, NULL, NULL, NULL, NULL, NULL, NULL, 'Matrix Encoding implementation', NULL, NULL, NULL, NULL, NULL, '25d7c366-1e9b-422a-b31a-d046d2426f35', '249424f5-05ff-4246-9a25-33fa3146ca8d');
INSERT INTO public.implementation (assumptions, contributors, dependencies, description, input_format, license, link, name, technology, output_format, parameter, problem_statement, version, id, implemented_algorithm_id) VALUES (NULL, NULL, NULL, NULL, NULL, NULL, NULL, 'Schmidt Decomposition implementation', NULL, NULL, NULL, NULL, NULL, '5a5b3d81-e2b8-42c8-8955-ecca85d9fbe0', '7ef3039b-f934-4f93-99aa-9faf8b08dd00');
INSERT INTO public.implementation (assumptions, contributors, dependencies, description, input_format, license, link, name, technology, output_format, parameter, problem_statement, version, id, implemented_algorithm_id) VALUES (NULL, NULL, NULL, NULL, NULL, NULL, NULL, 'Amplitude Encoding implementation', NULL, NULL, NULL, NULL, NULL, '2778bd5b-4818-43b3-bdd9-226adbaab82d', 'dcfcdf31-0ef9-4ca9-885f-0f7848509b72');
INSERT INTO public.implementation (assumptions, contributors, dependencies, description, input_format, license, link, name, technology, output_format, parameter, problem_statement, version, id, implemented_algorithm_id) VALUES (NULL, NULL, NULL, NULL, NULL, NULL, NULL, 'Angle Encoding implementation', NULL, NULL, NULL, NULL, NULL, 'b92d03a6-4023-49e6-95f5-889b66c0e8e3', 'ce015060-c4da-47f2-a06f-b8d46e150cf3');
INSERT INTO public.implementation (assumptions, contributors, dependencies, description, input_format, license, link, name, technology, output_format, parameter, problem_statement, version, id, implemented_algorithm_id) VALUES (NULL, NULL, NULL, NULL, NULL, NULL, NULL, 'SWAP Test implementation', NULL, NULL, NULL, NULL, NULL, '7e171909-a31d-465e-a50d-f39e24112323', 'e4bd89a5-e590-4971-aaba-95a8d8f11f57');
INSERT INTO public.implementation (assumptions, contributors, dependencies, description, input_format, license, link, name, technology, output_format, parameter, problem_statement, version, id, implemented_algorithm_id) VALUES (NULL, NULL, NULL, NULL, NULL, NULL, NULL, 'Unified Execution implementation', NULL, NULL, NULL, NULL, NULL, '527f3911-6549-4e07-b6a7-e8af1371f277', '71fc3324-205e-4e19-9ab7-4496956bdf42');
INSERT INTO public.implementation (assumptions, contributors, dependencies, description, input_format, license, link, name, technology, output_format, parameter, problem_statement, version, id, implemented_algorithm_id) VALUES (NULL, NULL, NULL, NULL, NULL, NULL, NULL, 'Standalone Circuit Execution implementation', NULL, NULL, NULL, NULL, NULL, '2c2382ba-b145-4e37-a463-632a7cdd4b16', '4e253e6d-f9f6-44eb-bce3-ba8584bc8afa');
INSERT INTO public.implementation (assumptions, contributors, dependencies, description, input_format, license, link, name, technology, output_format, parameter, problem_statement, version, id, implemented_algorithm_id) VALUES (NULL, NULL, NULL, NULL, NULL, NULL, NULL, 'Quantum Hardware Selection implementation', NULL, NULL, NULL, NULL, NULL, '2814c4d7-2763-4fd4-ac23-1c1c4c4ca935', '3b67ba6c-46b8-4788-99e4-3790a393c023');
INSERT INTO public.implementation (assumptions, contributors, dependencies, description, input_format, license, link, name, technology, output_format, parameter, problem_statement, version, id, implemented_algorithm_id) VALUES (NULL, NULL, NULL, NULL, NULL, NULL, NULL, 'Hybrid Module implementation', NULL, NULL, NULL, NULL, NULL, '40268dc8-1e82-4b6b-8d78-b32f48815d2e', '4e4d31fc-6b46-411f-bf4c-d644944dd682');

-- Pattern URIs for new implementations
INSERT INTO public.pattern_uris (implementation_id, pattern_uri) VALUES ('527f3911-6549-4e07-b6a7-e8af1371f277', 'pattern-languages/af7780d5-1f97-4536-8da7-4194b093ab1d/59389814-01e0-4422-8012-a298940064aa');
INSERT INTO public.pattern_uris (implementation_id, pattern_uri) VALUES ('2c2382ba-b145-4e37-a463-632a7cdd4b16', 'pattern-languages/af7780d5-1f97-4536-8da7-4194b093ab1d/5850c6ab-5c87-4331-8439-73692a403228');
INSERT INTO public.pattern_uris (implementation_id, pattern_uri) VALUES ('2814c4d7-2763-4fd4-ac23-1c1c4c4ca935', 'pattern-languages/af7780d5-1f97-4536-8da7-4194b093ab1d/0ad210d4-18ad-4803-ba6b-536af0fab317');
INSERT INTO public.pattern_uris (implementation_id, pattern_uri) VALUES ('40268dc8-1e82-4b6b-8d78-b32f48815d2e', 'pattern-languages/af7780d5-1f97-4536-8da7-4194b093ab1d/4074490a-4236-49ed-83d1-625ce58e2dbd');

-- Files for pattern solutions
INSERT INTO public.file (fileurl, mime_type, name, id) VALUES ('qaoa.json', 'application/json', 'qaoa.json', '93ca986a-6bab-4f9b-9c3e-0c22c991f042');
INSERT INTO public.file (fileurl, mime_type, name, id) VALUES ('basis-encoding.json', 'application/json', 'basis-encoding.json', '58e98546-6a3c-464a-b5d6-f19097ab8caf');
INSERT INTO public.file (fileurl, mime_type, name, id) VALUES ('matrix-encoding.json', 'application/json', 'matrix-encoding.json', '13347270-1e8f-432f-9930-1d43f3520b13');
INSERT INTO public.file (fileurl, mime_type, name, id) VALUES ('schmidt-decomposition.json', 'application/json', 'schmidt-decomposition.json', '097f2afb-b5e0-489c-bf8b-25aa435f1f17');
INSERT INTO public.file (fileurl, mime_type, name, id) VALUES ('amplitude-encoding.json', 'application/json', 'amplitude-encoding.json', 'c65cb7ab-51ee-4078-ad2b-d1aefa067ab4');
INSERT INTO public.file (fileurl, mime_type, name, id) VALUES ('angle-encoding.json', 'application/json', 'angle-encoding.json', 'd3a347ed-ba0e-4945-9b1e-50514c09ef57');
INSERT INTO public.file (fileurl, mime_type, name, id) VALUES ('swapTest.json', 'application/json', 'swapTest.json', 'f9d04d26-80f7-464c-95e1-9b87a738e8f0');
INSERT INTO public.file (fileurl, mime_type, name, id) VALUES ('quantum-clustering-qhana.json', 'application/json', 'quantum-clustering-qhana.json', '38238b94-61ee-41f3-8b19-bb63f178a5fe');
INSERT INTO public.file (fileurl, mime_type, name, id) VALUES ('quantum-classification-qhana.json', 'application/json', 'quantum-classification-qhana.json', '9fed54f5-edbd-49f6-a5fb-721a6e20d702');
INSERT INTO public.file (fileurl, mime_type, name, id) VALUES ('unified-execution-qhana.json', 'application/json', 'unified-execution-qhana.json', 'c46652b7-e626-4d3d-ac81-8a33d3207bb3');
INSERT INTO public.file (fileurl, mime_type, name, id) VALUES ('standalone-circuit-execution-qhana.json', 'application/json', 'standalone-circuit-execution-qhana.json', '297705dd-bbd1-40fb-b488-93a0a2479485');
INSERT INTO public.file (fileurl, mime_type, name, id) VALUES ('quantum-hardware-selection-qhana.json', 'application/json', 'quantum-hardware-selection-qhana.json', '38a07846-752f-47ec-90e5-274143586904');
INSERT INTO public.file (fileurl, mime_type, name, id) VALUES ('hybrid-module-qhana.json', 'application/json', 'hybrid-module-qhana.json', '71e50784-3c73-4a29-805c-b901cc2901a5');

-- File data for pattern solutions
INSERT INTO public.file_data (id, data, file_id) VALUES ('749cae84-4b76-4b4f-949b-a761343c174d', '\x7b0a2020226d65746164617461223a207b0a202020202276657273696f6e223a2022312e302e30222c0a20202020226e616d65223a20224d79204d6f64656c222c0a20202020226465736372697074696f6e223a2022546869732069732061206d6f64656c2e222c0a2020202022617574686f72223a2022222c0a20202020226964223a2022666c6f772d31373637343534333833303336222c0a202020202274696d657374616d70223a2022323032362d30312d30335431353a33333a30332e3033365a220a20207d2c0a2020226e6f646573223a205b0a202020207b0a202020202020226964223a202233343434376163312d393165332d343364302d396561352d643536646361383761643130222c0a2020202020202274797065223a2022636f6e74726f6c5374727563747572654e6f6465222c0a20202020202022706f736974696f6e223a207b0a20202020202020202278223a203333302c0a20202020202020202279223a203330300a2020202020207d2c0a2020202020202264617461223a207b0a2020202020202020226c6162656c223a20225768696c65222c0a202020202020202022636f6e646974696f6e223a2022697465726174696f6e73203c206d6178497465726174696f6e73222c0a202020202020202022696e70757473223a205b0a202020202020202020207b0a202020202020202020202020226964223a202261643439333364342d633761372d346233342d626464352d353637353162346339333936222c0a202020202020202020202020226964656e74696669657273223a205b0a20202020202020202020202020202271373730313138220a2020202020202020202020205d2c0a202020202020202020202020226f75747075744964656e746966696572223a202262657461222c0a202020202020202020202020226c6162656c223a202262657461220a202020202020202020207d2c0a202020202020202020207b0a202020202020202020202020226964223a202239366539346432652d306431662d346561612d613239622d346665623037313466336538222c0a202020202020202020202020226964656e74696669657273223a205b0a20202020202020202020202020202271343031313536220a2020202020202020202020205d2c0a202020202020202020202020226f75747075744964656e746966696572223a20226d6178497465726174696f6e73222c0a202020202020202020202020226c6162656c223a20226d6178497465726174696f6e73220a202020202020202020207d2c0a202020202020202020207b0a202020202020202020202020226964223a202230363636643637312d316337342d343530652d623432632d663231313935633063363532222c0a202020202020202020202020226964656e74696669657273223a205b0a20202020202020202020202020202271333739363438220a2020202020202020202020205d2c0a202020202020202020202020226f75747075744964656e746966696572223a202267616d6d61222c0a202020202020202020202020226c6162656c223a202267616d6d61220a202020202020202020207d2c0a202020202020202020207b0a202020202020202020202020226964223a202231316565613435302d613965622d343032652d383935652d353437653838353633643239222c0a202020202020202020202020226f75747075744964656e746966696572223a202267616d6d6120222c0a202020202020202020202020226964656e74696669657273223a205b0a20202020202020202020202020202271383530313530220a2020202020202020202020205d2c0a202020202020202020202020226c6162656c223a202267616d6d61220a202020202020202020207d0a20202020202020205d2c0a2020202020202020226368696c6472656e223a205b0a202020202020202020202262343265653536342d346631302d343434382d626135322d323431643934316535366262222c0a202020202020202020202231316565613435302d613965622d343032652d383935652d353437653838353633643239222c0a202020202020202020202264663333356665332d383866342d343263362d623061382d653165333062643132383066220a20202020202020205d2c0a202020202020202022696d706c656d656e746174696f6e223a2022222c0a202020202020202022696d706c656d656e746174696f6e54797065223a2022222c0a202020202020202022756e636f6d70757465496d706c656d656e746174696f6e54797065223a2022222c0a202020202020202022756e636f6d70757465496d706c656d656e746174696f6e223a2022222c0a202020202020202022636f6d706c6574696f6e47756172616e74656564223a2066616c73652c0a202020202020202022636f6d706163744f7074696f6e73223a205b0a20202020202020202020747275652c0a2020202020202020202066616c73650a20202020202020205d2c0a2020202020202020226964656e74696669657273223a205b0a202020202020202020202271343330353437220a20202020202020205d0a2020202020207d2c0a202020202020227769647468223a20313630302c0a20202020202022686569676874223a20313330302c0a20202020202022706f736974696f6e4162736f6c757465223a207b0a20202020202020202278223a203333302c0a20202020202020202279223a203330300a2020202020207d0a202020207d2c0a202020207b0a202020202020226964223a202230363636643637312d316337342d343530652d623432632d663231313935633063363532222c0a2020202020202274797065223a202264617461547970654e6f6465222c0a20202020202022706f736974696f6e223a207b0a20202020202020202278223a202d3631352c0a20202020202020202279223a203933300a2020202020207d2c0a2020202020202264617461223a207b0a2020202020202020226c6162656c223a20224172726179222c0a202020202020202022696e70757473223a205b5d2c0a2020202020202020226368696c6472656e223a205b5d2c0a202020202020202022696d706c656d656e746174696f6e223a2022222c0a202020202020202022696d706c656d656e746174696f6e54797065223a2022222c0a202020202020202022756e636f6d70757465496d706c656d656e746174696f6e54797065223a2022222c0a202020202020202022756e636f6d70757465496d706c656d656e746174696f6e223a2022222c0a202020202020202022636f6d706c6574696f6e47756172616e74656564223a20747275652c0a202020202020202022636f6d706163744f7074696f6e73223a205b0a20202020202020202020747275652c0a2020202020202020202066616c73650a20202020202020205d2c0a2020202020202020226964656e74696669657273223a205b0a202020202020202020202271333739363438220a20202020202020205d2c0a2020202020202020226461746154797065223a20224172726179222c0a20202020202020202276616c7565223a2022302e352c302e35222c0a2020202020202020226f75747075744964656e746966696572223a202267616d6d61222c0a2020202020202020226f757470757473223a205b0a202020202020202020207b0a202020202020202020202020226964656e746966696572223a202267616d6d61222c0a2020202020202020202020202273697a65223a2022222c0a2020202020202020202020202274797065223a2022636c6173736963616c220a202020202020202020207d0a20202020202020205d0a2020202020207d2c0a202020202020227769647468223a203435302c0a20202020202022686569676874223a203237302c0a20202020202022706f736974696f6e4162736f6c757465223a207b0a20202020202020202278223a202d3631352c0a20202020202020202279223a203933300a2020202020207d2c0a202020202020226472616767696e67223a20747275650a202020207d2c0a202020207b0a202020202020226964223a202261643439333364342d633761372d346233342d626464352d353637353162346339333936222c0a2020202020202274797065223a202264617461547970654e6f6465222c0a20202020202022706f736974696f6e223a207b0a20202020202020202278223a202d3634352c0a20202020202020202279223a203538350a2020202020207d2c0a2020202020202264617461223a207b0a2020202020202020226c6162656c223a20224172726179222c0a202020202020202022696e70757473223a205b5d2c0a2020202020202020226368696c6472656e223a205b5d2c0a202020202020202022696d706c656d656e746174696f6e223a2022222c0a202020202020202022696d706c656d656e746174696f6e54797065223a2022222c0a202020202020202022756e636f6d70757465496d706c656d656e746174696f6e54797065223a2022222c0a202020202020202022756e636f6d70757465496d706c656d656e746174696f6e223a2022222c0a202020202020202022636f6d706c6574696f6e47756172616e74656564223a20747275652c0a202020202020202022636f6d706163744f7074696f6e73223a205b0a20202020202020202020747275652c0a2020202020202020202066616c73650a20202020202020205d2c0a2020202020202020226964656e74696669657273223a205b0a202020202020202020202271373730313138220a20202020202020205d2c0a2020202020202020226461746154797065223a20224172726179222c0a20202020202020202276616c7565223a2022302e352c302e35222c0a2020202020202020226f75747075744964656e746966696572223a202262657461222c0a2020202020202020226f757470757473223a205b0a202020202020202020207b0a202020202020202020202020226964656e746966696572223a202262657461222c0a2020202020202020202020202273697a65223a2022222c0a2020202020202020202020202274797065223a2022636c6173736963616c220a202020202020202020207d0a20202020202020205d0a2020202020207d2c0a202020202020227769647468223a203435302c0a20202020202022686569676874223a203237302c0a20202020202022706f736974696f6e4162736f6c757465223a207b0a20202020202020202278223a202d3634352c0a20202020202020202279223a203538350a2020202020207d2c0a202020202020226472616767696e67223a20747275650a202020207d2c0a202020207b0a202020202020226964223a202239366539346432652d306431662d346561612d613239622d346665623037313466336538222c0a2020202020202274797065223a202264617461547970654e6f6465222c0a20202020202022706f736974696f6e223a207b0a20202020202020202278223a202d3636302c0a20202020202020202279223a203234300a2020202020207d2c0a2020202020202264617461223a207b0a2020202020202020226c6162656c223a20224e756d626572222c0a202020202020202022696e70757473223a205b5d2c0a2020202020202020226368696c6472656e223a205b5d2c0a202020202020202022696d706c656d656e746174696f6e223a2022222c0a202020202020202022696d706c656d656e746174696f6e54797065223a2022222c0a202020202020202022756e636f6d70757465496d706c656d656e746174696f6e54797065223a2022222c0a202020202020202022756e636f6d70757465496d706c656d656e746174696f6e223a2022222c0a202020202020202022636f6d706c6574696f6e47756172616e74656564223a20747275652c0a202020202020202022636f6d706163744f7074696f6e73223a205b0a20202020202020202020747275652c0a2020202020202020202066616c73650a20202020202020205d2c0a2020202020202020226964656e74696669657273223a205b0a202020202020202020202271343031313536220a20202020202020205d2c0a2020202020202020226461746154797065223a20224e756d626572222c0a20202020202020202276616c7565223a20223130222c0a2020202020202020226f75747075744964656e746966696572223a20226d6178497465726174696f6e73222c0a2020202020202020226f757470757473223a205b0a202020202020202020207b0a202020202020202020202020226964656e746966696572223a20226d6178497465726174696f6e73222c0a2020202020202020202020202273697a65223a2022222c0a2020202020202020202020202274797065223a2022636c6173736963616c220a202020202020202020207d0a20202020202020205d0a2020202020207d2c0a202020202020227769647468223a203435302c0a20202020202022686569676874223a203237302c0a20202020202022706f736974696f6e4162736f6c757465223a207b0a20202020202020202278223a202d3636302c0a20202020202020202279223a203234300a2020202020207d2c0a202020202020226472616767696e67223a20747275650a202020207d2c0a202020207b0a202020202020226964223a202262343265653536342d346631302d343434382d626135322d323431643934316535366262222c0a2020202020202274797065223a2022616c676f726974686d4e6f6465222c0a20202020202022706f736974696f6e223a207b0a20202020202020202278223a203235352c0a20202020202020202279223a203738300a2020202020207d2c0a2020202020202264617461223a207b0a2020202020202020226c6162656c223a202251414f41204f70657261746f72222c0a20202020202020202270223a20322c0a202020202020202022636f6e646974696f6e223a20322c0a202020202020202022696e70757473223a205b0a202020202020202020207b0a202020202020202020202020226964223a202233343434376163312d393165332d343364302d396561352d643536646361383761643130222c0a202020202020202020202020226964656e74696669657273223a205b0a20202020202020202020202020202271343330353437220a2020202020202020202020205d0a202020202020202020207d0a20202020202020205d2c0a2020202020202020226368696c6472656e223a205b0a202020202020202020202262343265653536342d346631302d343434382d626135322d323431643934316535366262222c0a202020202020202020202231316565613435302d613965622d343032652d383935652d353437653838353633643239222c0a202020202020202020202264663333356665332d383866342d343263362d623061382d653165333062643132383066220a20202020202020205d2c0a202020202020202022696d706c656d656e746174696f6e223a2022222c0a202020202020202022696d706c656d656e746174696f6e54797065223a2022222c0a202020202020202022756e636f6d70757465496d706c656d656e746174696f6e54797065223a2022222c0a202020202020202022756e636f6d70757465496d706c656d656e746174696f6e223a2022222c0a202020202020202022636f6d706c6574696f6e47756172616e74656564223a20747275652c0a202020202020202022636f6d706163744f7074696f6e73223a205b0a20202020202020202020747275652c0a2020202020202020202066616c73650a20202020202020205d2c0a2020202020202020226964656e74696669657273223a205b0a202020202020202020202271363335323931220a20202020202020205d2c0a202020202020202022706f736974696f6e223a207b0a202020202020202020202278223a203237302c0a202020202020202020202279223a203337350a20202020202020207d2c0a20202020202020202273636f7065223a20226966222c0a2020202020202020226e756d626572496e70757473223a202232222c0a2020202020202020226e756d6265724f757470757473223a202231220a2020202020207d2c0a202020202020227769647468223a203332302c0a20202020202022686569676874223a203337332c0a20202020202022706f736974696f6e4162736f6c757465223a207b0a20202020202020202278223a203538352c0a20202020202020202279223a20313038300a2020202020207d2c0a202020202020226472616767696e67223a20747275652c0a20202020202022706172656e744e6f6465223a202233343434376163312d393165332d343364302d396561352d643536646361383761643130222c0a20202020202022657874656e74223a2022706172656e74220a202020207d2c0a202020207b0a202020202020226964223a202231316565613435302d613965622d343032652d383935652d353437653838353633643239222c0a2020202020202274797065223a20226f7074696d697a6572222c0a20202020202022706f736974696f6e223a207b0a20202020202020202278223a20313036352c0a20202020202020202279223a203430350a2020202020207d2c0a2020202020202264617461223a207b0a2020202020202020226c6162656c223a20224f7074696d697a6572222c0a202020202020202022696e70757473223a205b0a202020202020202020207b0a202020202020202020202020226964223a202233343434376163312d393165332d343364302d396561352d643536646361383761643130222c0a202020202020202020202020226964656e74696669657273223a205b0a20202020202020202020202020202271343330353437220a2020202020202020202020205d0a202020202020202020207d2c0a202020202020202020207b0a202020202020202020202020226964223a202264663333356665332d383866342d343263362d623061382d653165333062643132383066222c0a202020202020202020202020226964656e74696669657273223a205b0a20202020202020202020202020202271393530313737220a2020202020202020202020205d2c0a202020202020202020202020226f75747075744964656e746966696572223a2022220a202020202020202020207d0a20202020202020205d2c0a2020202020202020226368696c6472656e223a205b0a202020202020202020202262343265653536342d346631302d343434382d626135322d323431643934316535366262222c0a202020202020202020202231316565613435302d613965622d343032652d383935652d353437653838353633643239222c0a202020202020202020202264663333356665332d383866342d343263362d623061382d653165333062643132383066220a20202020202020205d2c0a202020202020202022696d706c656d656e746174696f6e223a2022222c0a202020202020202022696d706c656d656e746174696f6e54797065223a2022222c0a202020202020202022756e636f6d70757465496d706c656d656e746174696f6e54797065223a2022222c0a202020202020202022756e636f6d70757465496d706c656d656e746174696f6e223a2022222c0a202020202020202022636f6d706c6574696f6e47756172616e74656564223a20747275652c0a202020202020202022636f6d706163744f7074696f6e73223a205b0a20202020202020202020747275652c0a2020202020202020202066616c73650a20202020202020205d2c0a2020202020202020226964656e74696669657273223a205b0a202020202020202020202271383530313530220a20202020202020205d2c0a202020202020202022706f736974696f6e223a207b0a202020202020202020202278223a203733352c0a202020202020202020202279223a203436350a20202020202020207d2c0a20202020202020202273636f7065223a20226966222c0a2020202020202020226f75747075744964656e746966696572223a202267616d6d6120222c0a2020202020202020226f757470757473223a205b0a202020202020202020207b0a202020202020202020202020226964656e746966696572223a202262657461222c0a2020202020202020202020202273697a65223a2022222c0a2020202020202020202020202274797065223a2022636c6173736963616c220a202020202020202020207d2c0a202020202020202020207b0a202020202020202020202020226964656e746966696572223a202267616d6d6120222c0a2020202020202020202020202273697a65223a2022222c0a2020202020202020202020202274797065223a2022636c6173736963616c220a202020202020202020207d0a20202020202020205d0a2020202020207d2c0a202020202020227769647468223a203332302c0a20202020202022686569676874223a203337332c0a20202020202022706f736974696f6e4162736f6c757465223a207b0a20202020202020202278223a20313339352c0a20202020202020202279223a203730350a2020202020207d2c0a202020202020226472616767696e67223a20747275652c0a20202020202022706172656e744e6f6465223a202233343434376163312d393165332d343364302d396561352d643536646361383761643130222c0a20202020202022657874656e74223a2022706172656e74220a202020207d2c0a202020207b0a202020202020226964223a202264663333356665332d383866342d343263362d623061382d653165333062643132383066222c0a2020202020202274797065223a20226d6561737572656d656e744e6f6465222c0a20202020202022706f736974696f6e223a207b0a20202020202020202278223a203631352c0a20202020202020202279223a203832350a2020202020207d2c0a2020202020202264617461223a207b0a2020202020202020226c6162656c223a20224d6561737572656d656e74222c0a202020202020202022696e70757473223a205b0a202020202020202020207b0a202020202020202020202020226964223a202262343265653536342d346631302d343434382d626135322d323431643934316535366262222c0a202020202020202020202020226964656e74696669657273223a205b0a20202020202020202020202020202271363335323931220a2020202020202020202020205d0a202020202020202020207d0a20202020202020205d2c0a2020202020202020226368696c6472656e223a205b0a202020202020202020202262343265653536342d346631302d343434382d626135322d323431643934316535366262222c0a202020202020202020202231316565613435302d613965622d343032652d383935652d353437653838353633643239222c0a202020202020202020202264663333356665332d383866342d343263362d623061382d653165333062643132383066220a20202020202020205d2c0a202020202020202022696d706c656d656e746174696f6e223a2022222c0a202020202020202022696d706c656d656e746174696f6e54797065223a2022222c0a202020202020202022756e636f6d70757465496d706c656d656e746174696f6e54797065223a2022222c0a202020202020202022756e636f6d70757465496d706c656d656e746174696f6e223a2022222c0a202020202020202022636f6d706c6574696f6e47756172616e74656564223a20747275652c0a202020202020202022636f6d706163744f7074696f6e73223a205b0a20202020202020202020747275652c0a2020202020202020202066616c73650a20202020202020205d2c0a2020202020202020226964656e74696669657273223a205b0a202020202020202020202271393530313737220a20202020202020205d2c0a202020202020202022696e6469636573223a2022222c0a2020202020202020226f75747075744964656e746966696572223a2022222c0a202020202020202022706f736974696f6e223a207b0a202020202020202020202278223a203631352c0a202020202020202020202279223a203832350a20202020202020207d2c0a20202020202020202273636f7065223a20226966220a2020202020207d2c0a202020202020227769647468223a203332302c0a20202020202022686569676874223a203434302c0a20202020202022706f736974696f6e4162736f6c757465223a207b0a20202020202020202278223a203934352c0a20202020202020202279223a20313132350a2020202020207d2c0a202020202020226472616767696e67223a20747275652c0a20202020202022706172656e744e6f6465223a202233343434376163312d393165332d343364302d396561352d643536646361383761643130222c0a20202020202022657874656e74223a2022706172656e74220a202020207d0a20205d2c0a2020226564676573223a205b0a202020207b0a20202020202022736f75726365223a202231316565613435302d613965622d343032652d383935652d353437653838353633643239222c0a20202020202022736f7572636548616e646c65223a2022636c6173736963616c48616e646c6531316565613435302d613965622d343032652d383935652d3534376538383536336432392d31222c0a20202020202022746172676574223a202233343434376163312d393165332d343364302d396561352d643536646361383761643130222c0a2020202020202274617267657448616e646c65223a2022636c6173736963616c48616e646c65496e70757444796e616d696333343434376163312d393165332d343364302d396561352d6435366463613837616431302d31222c0a2020202020202274797065223a2022636c6173736963616c45646765222c0a202020202020226964223a202231633462306431302d656139612d346465332d396635652d623663373062646565363462222c0a202020202020226d61726b6572456e64223a207b0a20202020202020202274797065223a20226172726f77636c6f736564222c0a2020202020202020227769647468223a2032302c0a202020202020202022686569676874223a2032302c0a202020202020202022636f6c6f72223a202223463541383433222c0a20202020202020202268696464656e223a2066616c73650a2020202020207d0a202020207d2c0a202020207b0a20202020202022736f75726365223a202231316565613435302d613965622d343032652d383935652d353437653838353633643239222c0a20202020202022736f7572636548616e646c65223a2022636c6173736963616c48616e646c6531316565613435302d613965622d343032652d383935652d3534376538383536336432392d30222c0a20202020202022746172676574223a202233343434376163312d393165332d343364302d396561352d643536646361383761643130222c0a2020202020202274617267657448616e646c65223a2022636c6173736963616c48616e646c65496e70757444796e616d696333343434376163312d393165332d343364302d396561352d6435366463613837616431302d30222c0a2020202020202274797065223a2022636c6173736963616c45646765222c0a202020202020226964223a202237383533393835342d656130372d343038372d626265302d633632623533396431636266222c0a202020202020226d61726b6572456e64223a207b0a20202020202020202274797065223a20226172726f77636c6f736564222c0a2020202020202020227769647468223a2032302c0a202020202020202022686569676874223a2032302c0a202020202020202022636f6c6f72223a202223463541383433222c0a20202020202020202268696464656e223a2066616c73650a2020202020207d0a202020207d2c0a202020207b0a20202020202022736f75726365223a202264663333356665332d383866342d343263362d623061382d653165333062643132383066222c0a20202020202022736f7572636548616e646c65223a2022636c6173736963616c48616e646c6564663333356665332d383866342d343263362d623061382d6531653330626431323830662d30222c0a20202020202022746172676574223a202231316565613435302d613965622d343032652d383935652d353437653838353633643239222c0a2020202020202274617267657448616e646c65223a2022636c6173736963616c48616e646c654f7065726174696f6e496e7075743331316565613435302d613965622d343032652d383935652d353437653838353633643239222c0a2020202020202274797065223a2022636c6173736963616c45646765222c0a202020202020226964223a202235326339376463612d366337352d343932622d623364322d336264316437383561343761222c0a202020202020226d61726b6572456e64223a207b0a20202020202020202274797065223a20226172726f77636c6f736564222c0a2020202020202020227769647468223a2032302c0a202020202020202022686569676874223a2032302c0a202020202020202022636f6c6f72223a202223463541383433222c0a20202020202020202268696464656e223a2066616c73650a2020202020207d0a202020207d2c0a202020207b0a20202020202022736f75726365223a202233343434376163312d393165332d343364302d396561352d643536646361383761643130222c0a20202020202022736f7572636548616e646c65223a2022636c6173736963616c48616e646c654f7574707574496e697469616c697a6174696f6e33343434376163312d393165332d343364302d396561352d6435366463613837616431302d31222c0a20202020202022746172676574223a202231316565613435302d613965622d343032652d383935652d353437653838353633643239222c0a2020202020202274617267657448616e646c65223a2022636c6173736963616c48616e646c654f7065726174696f6e496e7075743231316565613435302d613965622d343032652d383935652d353437653838353633643239222c0a2020202020202274797065223a2022636c6173736963616c45646765222c0a202020202020226964223a202266313436376437312d653963632d346130322d623861332d326630326138623233616363222c0a202020202020226d61726b6572456e64223a207b0a20202020202020202274797065223a20226172726f77636c6f736564222c0a2020202020202020227769647468223a2032302c0a202020202020202022686569676874223a2032302c0a202020202020202022636f6c6f72223a202223463541383433222c0a20202020202020202268696464656e223a2066616c73650a2020202020207d0a202020207d2c0a202020207b0a20202020202022736f75726365223a202233343434376163312d393165332d343364302d396561352d643536646361383761643130222c0a20202020202022736f7572636548616e646c65223a2022636c6173736963616c48616e646c654f7574707574496e697469616c697a6174696f6e33343434376163312d393165332d343364302d396561352d6435366463613837616431302d31222c0a20202020202022746172676574223a202231316565613435302d613965622d343032652d383935652d353437653838353633643239222c0a2020202020202274617267657448616e646c65223a2022636c6173736963616c48616e646c654f7065726174696f6e496e7075743131316565613435302d613965622d343032652d383935652d353437653838353633643239222c0a2020202020202274797065223a2022636c6173736963616c45646765222c0a202020202020226964223a202237333832623865312d313165372d346461372d383233622d666665646536316431616261222c0a202020202020226d61726b6572456e64223a207b0a20202020202020202274797065223a20226172726f77636c6f736564222c0a2020202020202020227769647468223a2032302c0a202020202020202022686569676874223a2032302c0a202020202020202022636f6c6f72223a202223463541383433222c0a20202020202020202268696464656e223a2066616c73650a2020202020207d0a202020207d2c0a202020207b0a20202020202022736f75726365223a202262343265653536342d346631302d343434382d626135322d323431643934316535366262222c0a20202020202022736f7572636548616e646c65223a20227175616e74756d48616e646c65616c676f726974686d4e6f64654f75747075743062343265653536342d346631302d343434382d626135322d323431643934316535366262222c0a20202020202022746172676574223a202264663333356665332d383866342d343263362d623061382d653165333062643132383066222c0a2020202020202274617267657448616e646c65223a20227175616e74756d48616e646c654d6561737572656d656e74496e7075743064663333356665332d383866342d343263362d623061382d653165333062643132383066222c0a2020202020202274797065223a20227175616e74756d45646765222c0a202020202020226964223a202238643536646331632d366263622d346230322d623230372d663261616661656336333961222c0a202020202020226d61726b6572456e64223a207b0a20202020202020202274797065223a20226172726f77636c6f736564222c0a2020202020202020227769647468223a2032302c0a202020202020202022686569676874223a2032302c0a202020202020202022636f6c6f72223a202223393343354644222c0a20202020202020202268696464656e223a2066616c73650a2020202020207d0a202020207d2c0a202020207b0a20202020202022736f75726365223a202233343434376163312d393165332d343364302d396561352d643536646361383761643130222c0a20202020202022736f7572636548616e646c65223a2022636c6173736963616c48616e646c654f7574707574496e697469616c697a6174696f6e33343434376163312d393165332d343364302d396561352d6435366463613837616431302d32222c0a20202020202022746172676574223a202262343265653536342d346631302d343434382d626135322d323431643934316535366262222c0a2020202020202274617267657448616e646c65223a2022636c6173736963616c48616e646c654f7065726174696f6e496e7075743162343265653536342d346631302d343434382d626135322d323431643934316535366262222c0a2020202020202274797065223a2022636c6173736963616c45646765222c0a202020202020226964223a202265636637386461652d623766342d343933302d623937392d653734353032323733326333222c0a202020202020226d61726b6572456e64223a207b0a20202020202020202274797065223a20226172726f77636c6f736564222c0a2020202020202020227769647468223a2032302c0a202020202020202022686569676874223a2032302c0a202020202020202022636f6c6f72223a202223463541383433222c0a20202020202020202268696464656e223a2066616c73650a2020202020207d0a202020207d2c0a202020207b0a20202020202022736f75726365223a202233343434376163312d393165332d343364302d396561352d643536646361383761643130222c0a20202020202022736f7572636548616e646c65223a2022636c6173736963616c48616e646c654f7574707574496e697469616c697a6174696f6e33343434376163312d393165332d343364302d396561352d6435366463613837616431302d31222c0a20202020202022746172676574223a202262343265653536342d346631302d343434382d626135322d323431643934316535366262222c0a2020202020202274617267657448616e646c65223a2022636c6173736963616c48616e646c654f7065726174696f6e496e7075743062343265653536342d346631302d343434382d626135322d323431643934316535366262222c0a2020202020202274797065223a2022636c6173736963616c45646765222c0a202020202020226964223a202264306265316332632d363565362d346563362d616466392d313132663031363333666633222c0a202020202020226d61726b6572456e64223a207b0a20202020202020202274797065223a20226172726f77636c6f736564222c0a2020202020202020227769647468223a2032302c0a202020202020202022686569676874223a2032302c0a202020202020202022636f6c6f72223a202223463541383433222c0a20202020202020202268696464656e223a2066616c73650a2020202020207d0a202020207d2c0a202020207b0a20202020202022736f75726365223a202233343434376163312d393165332d343364302d396561352d643536646361383761643130222c0a20202020202022736f7572636548616e646c65223a2022636c6173736963616c48616e646c654f7574707574496e697469616c697a6174696f6e33343434376163312d393165332d343364302d396561352d6435366463613837616431302d30222c0a20202020202022746172676574223a202231316565613435302d613965622d343032652d383935652d353437653838353633643239222c0a2020202020202274617267657448616e646c65223a2022636c6173736963616c48616e646c654f7065726174696f6e496e7075743031316565613435302d613965622d343032652d383935652d353437653838353633643239222c0a2020202020202274797065223a2022636c6173736963616c45646765222c0a202020202020226964223a202262313761643564622d623137352d343936392d613333612d383637616165653561666364222c0a202020202020226d61726b6572456e64223a207b0a20202020202020202274797065223a20226172726f77636c6f736564222c0a2020202020202020227769647468223a2032302c0a202020202020202022686569676874223a2032302c0a202020202020202022636f6c6f72223a202223463541383433222c0a20202020202020202268696464656e223a2066616c73650a2020202020207d0a202020207d2c0a202020207b0a20202020202022736f75726365223a202230363636643637312d316337342d343530652d623432632d663231313935633063363532222c0a20202020202022736f7572636548616e646c65223a2022636c6173736963616c48616e646c6544617461547970654f75747075743030363636643637312d316337342d343530652d623432632d663231313935633063363532222c0a20202020202022746172676574223a202233343434376163312d393165332d343364302d396561352d643536646361383761643130222c0a2020202020202274617267657448616e646c65223a2022636c6173736963616c48616e646c65496e707574496e697469616c697a6174696f6e33343434376163312d393165332d343364302d396561352d6435366463613837616431302d32222c0a2020202020202274797065223a2022636c6173736963616c45646765222c0a202020202020226964223a202234656261643039612d656238372d343236662d396264622d616261363131356238343133222c0a202020202020226d61726b6572456e64223a207b0a20202020202020202274797065223a20226172726f77636c6f736564222c0a2020202020202020227769647468223a2032302c0a202020202020202022686569676874223a2032302c0a202020202020202022636f6c6f72223a202223463541383433222c0a20202020202020202268696464656e223a2066616c73650a2020202020207d0a202020207d2c0a202020207b0a20202020202022736f75726365223a202261643439333364342d633761372d346233342d626464352d353637353162346339333936222c0a20202020202022736f7572636548616e646c65223a2022636c6173736963616c48616e646c6544617461547970654f75747075743061643439333364342d633761372d346233342d626464352d353637353162346339333936222c0a20202020202022746172676574223a202233343434376163312d393165332d343364302d396561352d643536646361383761643130222c0a2020202020202274617267657448616e646c65223a2022636c6173736963616c48616e646c65496e707574496e697469616c697a6174696f6e33343434376163312d393165332d343364302d396561352d6435366463613837616431302d31222c0a2020202020202274797065223a2022636c6173736963616c45646765222c0a202020202020226964223a202231313466363638662d393063362d343264652d623963312d393331353235323438613533222c0a202020202020226d61726b6572456e64223a207b0a20202020202020202274797065223a20226172726f77636c6f736564222c0a2020202020202020227769647468223a2032302c0a202020202020202022686569676874223a2032302c0a202020202020202022636f6c6f72223a202223463541383433222c0a20202020202020202268696464656e223a2066616c73650a2020202020207d0a202020207d2c0a202020207b0a20202020202022736f75726365223a202239366539346432652d306431662d346561612d613239622d346665623037313466336538222c0a20202020202022736f7572636548616e646c65223a2022636c6173736963616c48616e646c6544617461547970654f75747075743039366539346432652d306431662d346561612d613239622d346665623037313466336538222c0a20202020202022746172676574223a202233343434376163312d393165332d343364302d396561352d643536646361383761643130222c0a2020202020202274617267657448616e646c65223a2022636c6173736963616c48616e646c65496e707574496e697469616c697a6174696f6e33343434376163312d393165332d343364302d396561352d6435366463613837616431302d30222c0a2020202020202274797065223a2022636c6173736963616c45646765222c0a202020202020226964223a202231333236623932642d306137312d343864332d386230312d343235333934396335626533222c0a202020202020226d61726b6572456e64223a207b0a20202020202020202274797065223a20226172726f77636c6f736564222c0a2020202020202020227769647468223a2032302c0a202020202020202022686569676874223a2032302c0a202020202020202022636f6c6f72223a202223463541383433222c0a20202020202020202268696464656e223a2066616c73650a2020202020207d0a202020207d0a20205d2c0a20202276696577706f7274223a207b0a202020202278223a203333372e32352c0a202020202279223a202d33382c0a20202020227a6f6f6d223a20302e350a20207d0a7d', '93ca986a-6bab-4f9b-9c3e-0c22c991f042');
INSERT INTO public.file_data (id, data, file_id) VALUES ('9748870c-38df-4db4-98dc-22c09d526efb', '\x7b0a2020226d65746164617461223a207b0a202020202276657273696f6e223a2022312e302e30222c0a20202020226e616d65223a20224d79204d6f64656c222c0a20202020226465736372697074696f6e223a2022546869732069732061206d6f64656c2e222c0a2020202022617574686f72223a2022222c0a20202020226964223a2022666c6f772d31373637373738353930393937222c0a202020202274696d657374616d70223a2022323032362d30312d30375430393a33363a33302e3939375a220a20207d2c0a2020226e6f646573223a205b0a202020207b0a202020202020226964223a202237633331643436342d363031352d346162322d393938302d316161303030366439663437222c0a2020202020202274797065223a202273746174655072657061726174696f6e4e6f6465222c0a20202020202022706f736974696f6e223a207b0a20202020202020202278223a203735302c0a20202020202020202279223a203238350a2020202020207d2c0a2020202020202264617461223a207b0a2020202020202020226c6162656c223a2022426173697320456e636f64696e67222c0a202020202020202022696e70757473223a205b0a202020202020202020207b0a202020202020202020202020226964223a202230613135636261652d336138302d343836612d626261372d343862663839383666326134222c0a202020202020202020202020226f75747075744964656e746966696572223a2022222c0a202020202020202020202020226964656e74696669657273223a205b0a20202020202020202020202020202271313030353234220a2020202020202020202020205d0a202020202020202020207d2c0a202020202020202020207b0a202020202020202020202020226964223a202230613135636261652d336138302d343836612d626261372d343862663839383666326134222c0a202020202020202020202020226964656e74696669657273223a205b0a20202020202020202020202020202271313030353234220a2020202020202020202020205d0a202020202020202020207d0a20202020202020205d2c0a2020202020202020226368696c6472656e223a205b5d2c0a202020202020202022696d706c656d656e746174696f6e223a2022222c0a202020202020202022696d706c656d656e746174696f6e54797065223a2022222c0a202020202020202022756e636f6d70757465496d706c656d656e746174696f6e54797065223a2022222c0a202020202020202022756e636f6d70757465496d706c656d656e746174696f6e223a2022222c0a202020202020202022636f6d706c6574696f6e47756172616e74656564223a20747275652c0a202020202020202022636f6d706163744f7074696f6e73223a205b0a2020202020202020202066616c73650a20202020202020205d2c0a2020202020202020226964656e74696669657273223a205b0a202020202020202020202271323134343236220a20202020202020205d2c0a202020202020202022656e636f64696e6754797065223a2022426173697320456e636f64696e67220a2020202020207d2c0a202020202020227769647468223a203332302c0a20202020202022686569676874223a203337332c0a20202020202022706f736974696f6e4162736f6c757465223a207b0a20202020202020202278223a203735302c0a20202020202020202279223a203238350a2020202020207d2c0a202020202020226472616767696e67223a20747275650a202020207d2c0a202020207b0a202020202020226964223a202230613135636261652d336138302d343836612d626261372d343862663839383666326134222c0a2020202020202274797065223a202264617461547970654e6f6465222c0a20202020202022706f736974696f6e223a207b0a20202020202020202278223a203136352c0a20202020202020202279223a203330300a2020202020207d2c0a2020202020202264617461223a207b0a2020202020202020226c6162656c223a2022696e74222c0a202020202020202022696e70757473223a205b5d2c0a2020202020202020226368696c6472656e223a205b5d2c0a202020202020202022696d706c656d656e746174696f6e223a2022222c0a202020202020202022696d706c656d656e746174696f6e54797065223a2022222c0a202020202020202022756e636f6d70757465496d706c656d656e746174696f6e54797065223a2022222c0a202020202020202022756e636f6d70757465496d706c656d656e746174696f6e223a2022222c0a202020202020202022636f6d706c6574696f6e47756172616e74656564223a20747275652c0a202020202020202022636f6d706163744f7074696f6e73223a205b0a20202020202020202020747275652c0a2020202020202020202066616c73650a20202020202020205d2c0a2020202020202020226964656e74696669657273223a205b0a202020202020202020202271313030353234220a20202020202020205d2c0a2020202020202020226461746154797065223a2022696e74222c0a20202020202020202276616c7565223a2022222c0a2020202020202020226f75747075744964656e746966696572223a2022220a2020202020207d2c0a202020202020227769647468223a203435302c0a20202020202022686569676874223a203237302c0a20202020202022706f736974696f6e4162736f6c757465223a207b0a20202020202020202278223a203136352c0a20202020202020202279223a203330300a2020202020207d2c0a202020202020226472616767696e67223a20747275650a202020207d0a20205d2c0a2020226564676573223a205b0a202020207b0a20202020202022736f75726365223a202230613135636261652d336138302d343836612d626261372d343862663839383666326134222c0a20202020202022736f7572636548616e646c65223a2022636c6173736963616c48616e646c6544617461547970654f75747075743030613135636261652d336138302d343836612d626261372d343862663839383666326134222c0a20202020202022746172676574223a202237633331643436342d363031352d346162322d393938302d316161303030366439663437222c0a2020202020202274617267657448616e646c65223a2022636c6173736963616c48616e646c6553746174655072657061726174696f6e496e7075743037633331643436342d363031352d346162322d393938302d316161303030366439663437222c0a2020202020202274797065223a2022636c6173736963616c45646765222c0a202020202020226964223a202237336361633165612d653239392d346361392d613163392d353263333132376561616665222c0a202020202020226d61726b6572456e64223a207b0a20202020202020202274797065223a20226172726f77636c6f736564222c0a2020202020202020227769647468223a2032302c0a202020202020202022686569676874223a2032302c0a202020202020202022636f6c6f72223a202223463541383433222c0a20202020202020202268696464656e223a2066616c73650a2020202020207d0a202020207d0a20205d2c0a20202276696577706f7274223a207b0a202020202278223a202d3232372e352c0a202020202279223a202d3130322e352c0a20202020227a6f6f6d223a20310a20207d0a7d', '58e98546-6a3c-464a-b5d6-f19097ab8caf');
INSERT INTO public.file_data (id, data, file_id) VALUES ('eab00fa2-f084-4a10-ad32-d36787ff94f6', '\x7b0a2020226d65746164617461223a207b0a202020202276657273696f6e223a2022312e302e30222c0a20202020226e616d65223a20224d79204d6f64656c222c0a20202020226465736372697074696f6e223a2022546869732069732061206d6f64656c2e222c0a2020202022617574686f72223a2022222c0a20202020226964223a2022666c6f772d31373637373738373932383236222c0a202020202274696d657374616d70223a2022323032362d30312d30375430393a33393a35322e3832365a220a20207d2c0a2020226e6f646573223a205b0a202020207b0a202020202020226964223a202237613932383861332d396161302d343037362d616236332d376666633963623136386137222c0a2020202020202274797065223a202273746174655072657061726174696f6e4e6f6465222c0a20202020202022706f736974696f6e223a207b0a20202020202020202278223a20313131302c0a20202020202020202279223a2034350a2020202020207d2c0a2020202020202264617461223a207b0a2020202020202020226c6162656c223a2022456e636f64652056616c7565222c0a202020202020202022696e70757473223a205b0a202020202020202020207b0a202020202020202020202020226964223a202265636232343432642d393263362d343962612d616335322d656337353562316537363030222c0a202020202020202020202020226f75747075744964656e746966696572223a2022222c0a202020202020202020202020226964656e74696669657273223a205b0a20202020202020202020202020202271373836303937220a2020202020202020202020205d2c0a202020202020202020202020226c6162656c223a2022220a202020202020202020207d2c0a202020202020202020207b0a202020202020202020202020226964223a202265636232343432642d393263362d343962612d616335322d656337353562316537363030222c0a202020202020202020202020226964656e74696669657273223a205b0a20202020202020202020202020202271373836303937220a2020202020202020202020205d0a202020202020202020207d0a20202020202020205d2c0a2020202020202020226368696c6472656e223a205b5d2c0a202020202020202022696d706c656d656e746174696f6e223a2022222c0a202020202020202022696d706c656d656e746174696f6e54797065223a2022222c0a202020202020202022756e636f6d70757465496d706c656d656e746174696f6e54797065223a2022222c0a202020202020202022756e636f6d70757465496d706c656d656e746174696f6e223a2022222c0a202020202020202022636f6d706c6574696f6e47756172616e74656564223a20747275652c0a202020202020202022636f6d706163744f7074696f6e73223a205b0a20202020202020202020747275650a20202020202020205d2c0a2020202020202020226964656e74696669657273223a205b0a202020202020202020202271353736343534220a20202020202020205d2c0a202020202020202022656e636f64696e6754797065223a20224d617472697820456e636f64696e67222c0a202020202020202022626f756e64223a20302c0a20202020202020202273697a65223a2022222c0a2020202020202020226f75747075744964656e746966696572223a2022220a2020202020207d2c0a202020202020227769647468223a203332302c0a20202020202022686569676874223a203337332c0a20202020202022706f736974696f6e4162736f6c757465223a207b0a20202020202020202278223a20313131302c0a20202020202020202279223a2034350a2020202020207d2c0a202020202020226472616767696e67223a20747275650a202020207d2c0a202020207b0a202020202020226964223a202265636232343432642d393263362d343962612d616335322d656337353562316537363030222c0a2020202020202274797065223a202264617461547970654e6f6465222c0a20202020202022706f736974696f6e223a207b0a20202020202020202278223a203531302c0a20202020202020202279223a203135300a2020202020207d2c0a2020202020202264617461223a207b0a2020202020202020226c6162656c223a20224172726179222c0a202020202020202022696e70757473223a205b5d2c0a2020202020202020226368696c6472656e223a205b5d2c0a202020202020202022696d706c656d656e746174696f6e223a2022222c0a202020202020202022696d706c656d656e746174696f6e54797065223a2022222c0a202020202020202022756e636f6d70757465496d706c656d656e746174696f6e54797065223a2022222c0a202020202020202022756e636f6d70757465496d706c656d656e746174696f6e223a2022222c0a202020202020202022636f6d706c6574696f6e47756172616e74656564223a20747275652c0a202020202020202022636f6d706163744f7074696f6e73223a205b0a20202020202020202020747275652c0a2020202020202020202066616c73650a20202020202020205d2c0a2020202020202020226964656e74696669657273223a205b0a202020202020202020202271373836303937220a20202020202020205d2c0a2020202020202020226461746154797065223a20224172726179222c0a20202020202020202276616c7565223a2022222c0a2020202020202020226f75747075744964656e746966696572223a2022220a2020202020207d2c0a202020202020227769647468223a203435302c0a20202020202022686569676874223a203237302c0a20202020202022706f736974696f6e4162736f6c757465223a207b0a20202020202020202278223a203531302c0a20202020202020202279223a203135300a2020202020207d2c0a202020202020226472616767696e67223a20747275650a202020207d0a20205d2c0a2020226564676573223a205b0a202020207b0a20202020202022736f75726365223a202265636232343432642d393263362d343962612d616335322d656337353562316537363030222c0a20202020202022736f7572636548616e646c65223a2022636c6173736963616c48616e646c6544617461547970654f75747075743065636232343432642d393263362d343962612d616335322d656337353562316537363030222c0a20202020202022746172676574223a202237613932383861332d396161302d343037362d616236332d376666633963623136386137222c0a2020202020202274617267657448616e646c65223a2022636c6173736963616c48616e646c6553746174655072657061726174696f6e496e7075743037613932383861332d396161302d343037362d616236332d376666633963623136386137222c0a2020202020202274797065223a2022636c6173736963616c45646765222c0a202020202020226964223a202262353132363863642d356339662d343463392d383039362d613935373066353161363963222c0a202020202020226d61726b6572456e64223a207b0a20202020202020202274797065223a20226172726f77636c6f736564222c0a2020202020202020227769647468223a2032302c0a202020202020202022686569676874223a2032302c0a202020202020202022636f6c6f72223a202223463541383433222c0a20202020202020202268696464656e223a2066616c73650a2020202020207d2c0a2020202020202273656c6563746564223a2066616c73650a202020207d0a20205d2c0a20202276696577706f7274223a207b0a202020202278223a202d3433392e3835343332313335373833342c0a202020202279223a2036312e38343038353734303131393734372c0a20202020227a6f6f6d223a20302e383431343839333038343737363135380a20207d0a7d', '13347270-1e8f-432f-9930-1d43f3520b13');
INSERT INTO public.file_data (id, data, file_id) VALUES ('333fc8d3-bb8f-4706-b2ea-71b935434227', '\x7b0a2020226d65746164617461223a207b0a202020202276657273696f6e223a2022312e302e30222c0a20202020226e616d65223a20224d79204d6f64656c222c0a20202020226465736372697074696f6e223a2022546869732069732061206d6f64656c2e222c0a2020202022617574686f72223a2022222c0a20202020226964223a2022666c6f772d31373637373738383130303239222c0a202020202274696d657374616d70223a2022323032362d30312d30375430393a34303a31302e3032395a220a20207d2c0a2020226e6f646573223a205b0a202020207b0a202020202020226964223a202237613932383861332d396161302d343037362d616236332d376666633963623136386137222c0a2020202020202274797065223a202273746174655072657061726174696f6e4e6f6465222c0a20202020202022706f736974696f6e223a207b0a20202020202020202278223a20313131302c0a20202020202020202279223a2034350a2020202020207d2c0a2020202020202264617461223a207b0a2020202020202020226c6162656c223a2022456e636f64652056616c7565222c0a202020202020202022696e70757473223a205b0a202020202020202020207b0a202020202020202020202020226964223a202265636232343432642d393263362d343962612d616335322d656337353562316537363030222c0a202020202020202020202020226f75747075744964656e746966696572223a2022222c0a202020202020202020202020226964656e74696669657273223a205b0a20202020202020202020202020202271373836303937220a2020202020202020202020205d2c0a202020202020202020202020226c6162656c223a2022220a202020202020202020207d2c0a202020202020202020207b0a202020202020202020202020226964223a202265636232343432642d393263362d343962612d616335322d656337353562316537363030222c0a202020202020202020202020226964656e74696669657273223a205b0a20202020202020202020202020202271373836303937220a2020202020202020202020205d0a202020202020202020207d0a20202020202020205d2c0a2020202020202020226368696c6472656e223a205b5d2c0a202020202020202022696d706c656d656e746174696f6e223a2022222c0a202020202020202022696d706c656d656e746174696f6e54797065223a2022222c0a202020202020202022756e636f6d70757465496d706c656d656e746174696f6e54797065223a2022222c0a202020202020202022756e636f6d70757465496d706c656d656e746174696f6e223a2022222c0a202020202020202022636f6d706c6574696f6e47756172616e74656564223a20747275652c0a202020202020202022636f6d706163744f7074696f6e73223a205b0a20202020202020202020747275650a20202020202020205d2c0a2020202020202020226964656e74696669657273223a205b0a202020202020202020202271353736343534220a20202020202020205d2c0a202020202020202022656e636f64696e6754797065223a20225363686d696474204465636f6d706f736974696f6e222c0a202020202020202022626f756e64223a20302c0a20202020202020202273697a65223a2022222c0a2020202020202020226f75747075744964656e746966696572223a2022220a2020202020207d2c0a202020202020227769647468223a203332302c0a20202020202022686569676874223a203337332c0a20202020202022706f736974696f6e4162736f6c757465223a207b0a20202020202020202278223a20313131302c0a20202020202020202279223a2034350a2020202020207d2c0a202020202020226472616767696e67223a20747275650a202020207d2c0a202020207b0a202020202020226964223a202265636232343432642d393263362d343962612d616335322d656337353562316537363030222c0a2020202020202274797065223a202264617461547970654e6f6465222c0a20202020202022706f736974696f6e223a207b0a20202020202020202278223a203531302c0a20202020202020202279223a203135300a2020202020207d2c0a2020202020202264617461223a207b0a2020202020202020226c6162656c223a20224172726179222c0a202020202020202022696e70757473223a205b5d2c0a2020202020202020226368696c6472656e223a205b5d2c0a202020202020202022696d706c656d656e746174696f6e223a2022222c0a202020202020202022696d706c656d656e746174696f6e54797065223a2022222c0a202020202020202022756e636f6d70757465496d706c656d656e746174696f6e54797065223a2022222c0a202020202020202022756e636f6d70757465496d706c656d656e746174696f6e223a2022222c0a202020202020202022636f6d706c6574696f6e47756172616e74656564223a20747275652c0a202020202020202022636f6d706163744f7074696f6e73223a205b0a20202020202020202020747275652c0a2020202020202020202066616c73650a20202020202020205d2c0a2020202020202020226964656e74696669657273223a205b0a202020202020202020202271373836303937220a20202020202020205d2c0a2020202020202020226461746154797065223a20224172726179222c0a20202020202020202276616c7565223a2022222c0a2020202020202020226f75747075744964656e746966696572223a2022220a2020202020207d2c0a202020202020227769647468223a203435302c0a20202020202022686569676874223a203237302c0a20202020202022706f736974696f6e4162736f6c757465223a207b0a20202020202020202278223a203531302c0a20202020202020202279223a203135300a2020202020207d2c0a202020202020226472616767696e67223a20747275650a202020207d0a20205d2c0a2020226564676573223a205b0a202020207b0a20202020202022736f75726365223a202265636232343432642d393263362d343962612d616335322d656337353562316537363030222c0a20202020202022736f7572636548616e646c65223a2022636c6173736963616c48616e646c6544617461547970654f75747075743065636232343432642d393263362d343962612d616335322d656337353562316537363030222c0a20202020202022746172676574223a202237613932383861332d396161302d343037362d616236332d376666633963623136386137222c0a2020202020202274617267657448616e646c65223a2022636c6173736963616c48616e646c6553746174655072657061726174696f6e496e7075743037613932383861332d396161302d343037362d616236332d376666633963623136386137222c0a2020202020202274797065223a2022636c6173736963616c45646765222c0a202020202020226964223a202262353132363863642d356339662d343463392d383039362d613935373066353161363963222c0a202020202020226d61726b6572456e64223a207b0a20202020202020202274797065223a20226172726f77636c6f736564222c0a2020202020202020227769647468223a2032302c0a202020202020202022686569676874223a2032302c0a202020202020202022636f6c6f72223a202223463541383433222c0a20202020202020202268696464656e223a2066616c73650a2020202020207d2c0a2020202020202273656c6563746564223a2066616c73650a202020207d0a20205d2c0a20202276696577706f7274223a207b0a202020202278223a202d3433392e3835343332313335373833342c0a202020202279223a2036312e38343038353734303131393734372c0a20202020227a6f6f6d223a20302e383431343839333038343737363135380a20207d0a7d', '097f2afb-b5e0-489c-bf8b-25aa435f1f17');
INSERT INTO public.file_data (id, data, file_id) VALUES ('7e4176b3-9a53-40ef-b395-9df0e6d49a76', '\x7b0a2020226d65746164617461223a207b0a202020202276657273696f6e223a2022312e302e30222c0a20202020226e616d65223a20224d79204d6f64656c222c0a20202020226465736372697074696f6e223a2022546869732069732061206d6f64656c2e222c0a2020202022617574686f72223a2022222c0a20202020226964223a2022666c6f772d31373637373738363538343832222c0a202020202274696d657374616d70223a2022323032362d30312d30375430393a33373a33382e3438325a220a20207d2c0a2020226e6f646573223a205b0a202020207b0a202020202020226964223a202232313463343564632d393964652d343939312d623830662d613431646135376165383061222c0a2020202020202274797065223a202273746174655072657061726174696f6e4e6f6465222c0a20202020202022706f736974696f6e223a207b0a20202020202020202278223a203934352c0a20202020202020202279223a203331350a2020202020207d2c0a2020202020202264617461223a207b0a2020202020202020226c6162656c223a2022416d706c697475646520456e636f64696e67222c0a202020202020202022696e70757473223a205b0a202020202020202020207b0a202020202020202020202020226964223a202233636532613639632d313730312d343833392d386366652d356135303966313538613034222c0a202020202020202020202020226f75747075744964656e746966696572223a2022222c0a202020202020202020202020226964656e74696669657273223a205b0a20202020202020202020202020202271313732313739220a2020202020202020202020205d0a202020202020202020207d2c0a202020202020202020207b0a202020202020202020202020226964223a202233636532613639632d313730312d343833392d386366652d356135303966313538613034222c0a202020202020202020202020226964656e74696669657273223a205b0a20202020202020202020202020202271313732313739220a2020202020202020202020205d0a202020202020202020207d0a20202020202020205d2c0a2020202020202020226368696c6472656e223a205b5d2c0a202020202020202022696d706c656d656e746174696f6e223a2022222c0a202020202020202022696d706c656d656e746174696f6e54797065223a2022222c0a202020202020202022756e636f6d70757465496d706c656d656e746174696f6e54797065223a2022222c0a202020202020202022756e636f6d70757465496d706c656d656e746174696f6e223a2022222c0a202020202020202022636f6d706c6574696f6e47756172616e74656564223a2066616c73652c0a202020202020202022636f6d706163744f7074696f6e73223a205b0a2020202020202020202066616c73650a20202020202020205d2c0a2020202020202020226964656e74696669657273223a205b0a202020202020202020202271373632393536220a20202020202020205d2c0a202020202020202022656e636f64696e6754797065223a2022416d706c697475646520456e636f64696e67220a2020202020207d2c0a202020202020227769647468223a203332302c0a20202020202022686569676874223a203337332c0a20202020202022706f736974696f6e4162736f6c757465223a207b0a20202020202020202278223a203934352c0a20202020202020202279223a203331350a2020202020207d0a202020207d2c0a202020207b0a202020202020226964223a202233636532613639632d313730312d343833392d386366652d356135303966313538613034222c0a2020202020202274797065223a202264617461547970654e6f6465222c0a20202020202022706f736974696f6e223a207b0a20202020202020202278223a203331352c0a20202020202020202279223a203330300a2020202020207d2c0a2020202020202264617461223a207b0a2020202020202020226c6162656c223a20224172726179222c0a202020202020202022696e70757473223a205b5d2c0a2020202020202020226368696c6472656e223a205b5d2c0a202020202020202022696d706c656d656e746174696f6e223a2022222c0a202020202020202022696d706c656d656e746174696f6e54797065223a2022222c0a202020202020202022756e636f6d70757465496d706c656d656e746174696f6e54797065223a2022222c0a202020202020202022756e636f6d70757465496d706c656d656e746174696f6e223a2022222c0a202020202020202022636f6d706c6574696f6e47756172616e74656564223a20747275652c0a202020202020202022636f6d706163744f7074696f6e73223a205b0a20202020202020202020747275652c0a2020202020202020202066616c73650a20202020202020205d2c0a2020202020202020226964656e74696669657273223a205b0a202020202020202020202271313732313739220a20202020202020205d2c0a2020202020202020226461746154797065223a20224172726179222c0a20202020202020202276616c7565223a2022222c0a2020202020202020226f75747075744964656e746966696572223a2022220a2020202020207d2c0a202020202020227769647468223a203435302c0a20202020202022686569676874223a203237302c0a20202020202022706f736974696f6e4162736f6c757465223a207b0a20202020202020202278223a203331352c0a20202020202020202279223a203330300a2020202020207d2c0a202020202020226472616767696e67223a20747275650a202020207d0a20205d2c0a2020226564676573223a205b0a202020207b0a20202020202022736f75726365223a202233636532613639632d313730312d343833392d386366652d356135303966313538613034222c0a20202020202022736f7572636548616e646c65223a2022636c6173736963616c48616e646c6544617461547970654f75747075743033636532613639632d313730312d343833392d386366652d356135303966313538613034222c0a20202020202022746172676574223a202232313463343564632d393964652d343939312d623830662d613431646135376165383061222c0a2020202020202274617267657448616e646c65223a2022636c6173736963616c48616e646c6553746174655072657061726174696f6e496e7075743032313463343564632d393964652d343939312d623830662d613431646135376165383061222c0a2020202020202274797065223a2022636c6173736963616c45646765222c0a202020202020226964223a202231343366326330382d346530332d343836642d383037642d353163633963383366313133222c0a202020202020226d61726b6572456e64223a207b0a20202020202020202274797065223a20226172726f77636c6f736564222c0a2020202020202020227769647468223a2032302c0a202020202020202022686569676874223a2032302c0a202020202020202022636f6c6f72223a202223463541383433222c0a20202020202020202268696464656e223a2066616c73650a2020202020207d0a202020207d0a20205d2c0a20202276696577706f7274223a207b0a202020202278223a202d3737382e333834363336373631353639332c0a202020202279223a202d3139392e323933323336303134363637342c0a20202020227a6f6f6d223a20312e333231373030383133383433363830380a20207d0a7d', 'c65cb7ab-51ee-4078-ad2b-d1aefa067ab4');
INSERT INTO public.file_data (id, data, file_id) VALUES ('797d386e-3883-4ad3-b2eb-74b743533263', '\x7b0a2020226d65746164617461223a207b0a202020202276657273696f6e223a2022312e302e30222c0a20202020226e616d65223a20224d79204d6f64656c222c0a20202020226465736372697074696f6e223a2022546869732069732061206d6f64656c2e222c0a2020202022617574686f72223a2022222c0a20202020226964223a2022666c6f772d31373637373738373032363035222c0a202020202274696d657374616d70223a2022323032362d30312d30375430393a33383a32322e3630355a220a20207d2c0a2020226e6f646573223a205b0a202020207b0a202020202020226964223a202235353363323762612d613739362d343535322d393366352d373065366637653032636330222c0a2020202020202274797065223a202264617461547970654e6f6465222c0a20202020202022706f736974696f6e223a207b0a20202020202020202278223a203436352c0a20202020202020202279223a203138300a2020202020207d2c0a2020202020202264617461223a207b0a2020202020202020226c6162656c223a2022666c6f6174222c0a202020202020202022696e70757473223a205b5d2c0a2020202020202020226368696c6472656e223a205b5d2c0a202020202020202022696d706c656d656e746174696f6e223a2022222c0a202020202020202022696d706c656d656e746174696f6e54797065223a2022222c0a202020202020202022756e636f6d70757465496d706c656d656e746174696f6e54797065223a2022222c0a202020202020202022756e636f6d70757465496d706c656d656e746174696f6e223a2022222c0a202020202020202022636f6d706c6574696f6e47756172616e74656564223a2066616c73652c0a202020202020202022636f6d706163744f7074696f6e73223a205b0a20202020202020202020747275652c0a2020202020202020202066616c73650a20202020202020205d2c0a2020202020202020226964656e74696669657273223a205b0a202020202020202020202271313037323739220a20202020202020205d2c0a2020202020202020226461746154797065223a2022666c6f6174222c0a20202020202020202276616c7565223a2022222c0a2020202020202020226f75747075744964656e746966696572223a2022220a2020202020207d2c0a202020202020227769647468223a203435302c0a20202020202022686569676874223a203237302c0a20202020202022706f736974696f6e4162736f6c757465223a207b0a20202020202020202278223a203436352c0a20202020202020202279223a203138300a2020202020207d2c0a202020202020226472616767696e67223a20747275650a202020207d2c0a202020207b0a202020202020226964223a202264346234626239622d626164612d343663342d386564352d373236353961626239613565222c0a2020202020202274797065223a202273746174655072657061726174696f6e4e6f6465222c0a20202020202022706f736974696f6e223a207b0a20202020202020202278223a20313131302c0a20202020202020202279223a203231300a2020202020207d2c0a2020202020202264617461223a207b0a2020202020202020226c6162656c223a2022416e676c6520456e636f64696e67222c0a202020202020202022696e70757473223a205b0a202020202020202020207b0a202020202020202020202020226964223a202235353363323762612d613739362d343535322d393366352d373065366637653032636330222c0a202020202020202020202020226f75747075744964656e746966696572223a2022222c0a202020202020202020202020226964656e74696669657273223a205b0a20202020202020202020202020202271313037323739220a2020202020202020202020205d0a202020202020202020207d2c0a202020202020202020207b0a202020202020202020202020226964223a202235353363323762612d613739362d343535322d393366352d373065366637653032636330222c0a202020202020202020202020226964656e74696669657273223a205b0a20202020202020202020202020202271313037323739220a2020202020202020202020205d0a202020202020202020207d0a20202020202020205d2c0a2020202020202020226368696c6472656e223a205b5d2c0a202020202020202022696d706c656d656e746174696f6e223a2022222c0a202020202020202022696d706c656d656e746174696f6e54797065223a2022222c0a202020202020202022756e636f6d70757465496d706c656d656e746174696f6e54797065223a2022222c0a202020202020202022756e636f6d70757465496d706c656d656e746174696f6e223a2022222c0a202020202020202022636f6d706c6574696f6e47756172616e74656564223a2066616c73652c0a202020202020202022636f6d706163744f7074696f6e73223a205b0a2020202020202020202066616c73650a20202020202020205d2c0a2020202020202020226964656e74696669657273223a205b0a202020202020202020202271383035323530220a20202020202020205d2c0a202020202020202022656e636f64696e6754797065223a2022416e676c6520456e636f64696e67220a2020202020207d2c0a202020202020227769647468223a203332302c0a20202020202022686569676874223a203337332c0a20202020202022706f736974696f6e4162736f6c757465223a207b0a20202020202020202278223a20313131302c0a20202020202020202279223a203231300a2020202020207d2c0a202020202020226472616767696e67223a20747275650a202020207d0a20205d2c0a2020226564676573223a205b0a202020207b0a20202020202022736f75726365223a202235353363323762612d613739362d343535322d393366352d373065366637653032636330222c0a20202020202022736f7572636548616e646c65223a2022636c6173736963616c48616e646c6544617461547970654f75747075743035353363323762612d613739362d343535322d393366352d373065366637653032636330222c0a20202020202022746172676574223a202264346234626239622d626164612d343663342d386564352d373236353961626239613565222c0a2020202020202274617267657448616e646c65223a2022636c6173736963616c48616e646c6553746174655072657061726174696f6e496e7075743064346234626239622d626164612d343663342d386564352d373236353961626239613565222c0a2020202020202274797065223a2022636c6173736963616c45646765222c0a202020202020226964223a202264383763663361312d653464352d343565342d393639322d343663626239323036353431222c0a202020202020226d61726b6572456e64223a207b0a20202020202020202274797065223a20226172726f77636c6f736564222c0a2020202020202020227769647468223a2032302c0a202020202020202022686569676874223a2032302c0a202020202020202022636f6c6f72223a202223463541383433222c0a20202020202020202268696464656e223a2066616c73650a2020202020207d0a202020207d0a20205d2c0a20202276696577706f7274223a207b0a202020202278223a202d3432352e3835343332313335373833342c0a202020202279223a2034372e38343038353734303131393734372c0a20202020227a6f6f6d223a20302e383431343839333038343737363135380a20207d0a7d', 'd3a347ed-ba0e-4945-9b1e-50514c09ef57');
INSERT INTO public.file_data (id, data, file_id) VALUES ('2b5e06fc-eb5c-4da3-a137-53b361695e8a', '\x7b0a2020226d65746164617461223a207b0a202020202276657273696f6e223a2022312e302e30222c0a20202020226e616d65223a20225357415054657374222c0a20202020226465736372697074696f6e223a20225468697320697320746865205357415020546573742e222c0a2020202022617574686f72223a2022222c0a20202020226964223a2022666c6f772d31373534363734303633383032222c0a202020202274696d657374616d70223a2022323032352d30382d30385431373a32373a34332e3830325a220a20207d2c0a2020226e6f646573223a205b0a202020207b0a202020202020226964223a202230316163393765372d623437332d343865612d613930342d316331663363323834646437222c0a2020202020202274797065223a2022676174654e6f6465222c0a20202020202022706f736974696f6e223a207b0a20202020202020202278223a20302c0a20202020202020202279223a2034350a2020202020207d2c0a2020202020202264617461223a207b0a2020202020202020226c6162656c223a20225175626974222c0a202020202020202022696e70757473223a205b5d2c0a2020202020202020226368696c6472656e223a205b5d2c0a202020202020202022696d706c656d656e746174696f6e223a2022222c0a202020202020202022696d706c656d656e746174696f6e54797065223a2022222c0a202020202020202022756e636f6d70757465496d706c656d656e746174696f6e54797065223a2022222c0a202020202020202022756e636f6d70757465496d706c656d656e746174696f6e223a2022222c0a2020202020202020226964656e74696669657273223a205b0a202020202020202020202271363433343536220a20202020202020205d2c0a202020202020202022706172616d65746572223a202230220a2020202020207d2c0a202020202020227769647468223a203130302c0a20202020202022686569676874223a203130302c0a20202020202022706f736974696f6e4162736f6c757465223a207b0a20202020202020202278223a20302c0a20202020202020202279223a2034350a2020202020207d2c0a202020202020226472616767696e67223a20747275650a202020207d2c0a202020207b0a202020202020226964223a202262366431353633312d633963342d343631612d393635322d613061336535353138643335222c0a2020202020202274797065223a202273746174655072657061726174696f6e4e6f6465222c0a20202020202022706f736974696f6e223a207b0a20202020202020202278223a202d3232352c0a20202020202020202279223a203139350a2020202020207d2c0a2020202020202264617461223a207b0a2020202020202020226c6162656c223a202250726570617265205374617465222c0a202020202020202022696e70757473223a205b5d2c0a2020202020202020226368696c6472656e223a205b5d2c0a202020202020202022696d706c656d656e746174696f6e223a2022222c0a202020202020202022696d706c656d656e746174696f6e54797065223a2022222c0a202020202020202022756e636f6d70757465496d706c656d656e746174696f6e54797065223a2022222c0a202020202020202022756e636f6d70757465496d706c656d656e746174696f6e223a2022222c0a2020202020202020226964656e74696669657273223a205b0a202020202020202020202271383132303438220a20202020202020205d2c0a2020202020202020227175616e74756d53746174654e616d65223a2022437573746f6d205374617465222c0a20202020202020202273697a65223a2022222c0a2020202020202020226f75747075744964656e746966696572223a2022220a2020202020207d2c0a202020202020227769647468223a203332302c0a20202020202022686569676874223a203337332c0a20202020202022706f736974696f6e4162736f6c757465223a207b0a20202020202020202278223a202d3232352c0a20202020202020202279223a203139350a2020202020207d2c0a202020202020226472616767696e67223a20747275650a202020207d2c0a202020207b0a202020202020226964223a202266623235613439612d376333302d346537392d626366662d303235393230363563663963222c0a2020202020202274797065223a202273746174655072657061726174696f6e4e6f6465222c0a20202020202022706f736974696f6e223a207b0a20202020202020202278223a202d3232352c0a20202020202020202279223a203730350a2020202020207d2c0a2020202020202264617461223a207b0a2020202020202020226c6162656c223a202250726570617265205374617465222c0a202020202020202022696e70757473223a205b5d2c0a2020202020202020226368696c6472656e223a205b5d2c0a202020202020202022696d706c656d656e746174696f6e223a2022222c0a202020202020202022696d706c656d656e746174696f6e54797065223a2022222c0a202020202020202022756e636f6d70757465496d706c656d656e746174696f6e54797065223a2022222c0a202020202020202022756e636f6d70757465496d706c656d656e746174696f6e223a2022222c0a2020202020202020226964656e74696669657273223a205b0a202020202020202020202271323735393532220a20202020202020205d2c0a2020202020202020227175616e74756d53746174654e616d65223a2022437573746f6d205374617465222c0a20202020202020202273697a65223a2022222c0a2020202020202020226f75747075744964656e746966696572223a2022220a2020202020207d2c0a202020202020227769647468223a203332302c0a20202020202022686569676874223a203337332c0a20202020202022706f736974696f6e4162736f6c757465223a207b0a20202020202020202278223a202d3232352c0a20202020202020202279223a203730350a2020202020207d2c0a202020202020226472616767696e67223a20747275650a202020207d2c0a202020207b0a202020202020226964223a202238323463623065352d343533332d343237362d623961302d343361396230316134663834222c0a2020202020202274797065223a2022676174654e6f6465222c0a20202020202022706f736974696f6e223a207b0a20202020202020202278223a203432302c0a20202020202020202279223a2034350a2020202020207d2c0a2020202020202264617461223a207b0a2020202020202020226c6162656c223a202248222c0a202020202020202022696e70757473223a205b0a202020202020202020207b0a202020202020202020202020226964223a202230316163393765372d623437332d343865612d613930342d316331663363323834646437222c0a202020202020202020202020226964656e74696669657273223a205b0a20202020202020202020202020202271363433343536220a2020202020202020202020205d0a202020202020202020207d0a20202020202020205d2c0a2020202020202020226368696c6472656e223a205b5d2c0a202020202020202022696d706c656d656e746174696f6e223a2022222c0a202020202020202022696d706c656d656e746174696f6e54797065223a2022222c0a202020202020202022756e636f6d70757465496d706c656d656e746174696f6e54797065223a2022222c0a202020202020202022756e636f6d70757465496d706c656d656e746174696f6e223a2022222c0a2020202020202020226964656e74696669657273223a205b0a202020202020202020202271323632353535220a20202020202020205d2c0a202020202020202022706172616d65746572223a202230220a2020202020207d2c0a202020202020227769647468223a203130302c0a20202020202022686569676874223a203130302c0a20202020202022706f736974696f6e4162736f6c757465223a207b0a20202020202020202278223a203432302c0a20202020202020202279223a2034350a2020202020207d0a202020207d2c0a202020207b0a202020202020226964223a202238356164353633322d336539382d343462342d396430632d386662373139623332636461222c0a2020202020202274797065223a2022676174654e6f6465222c0a20202020202022706f736974696f6e223a207b0a20202020202020202278223a203834302c0a20202020202020202279223a2034350a2020202020207d2c0a2020202020202264617461223a207b0a2020202020202020226c6162656c223a202248222c0a202020202020202022696e70757473223a205b0a202020202020202020207b0a202020202020202020202020226964223a202236373762353039312d303864362d343536342d616163392d643962343831333039636161222c0a202020202020202020202020226964656e74696669657273223a205b0a20202020202020202020202020202271363233343734220a2020202020202020202020205d0a202020202020202020207d0a20202020202020205d2c0a2020202020202020226368696c6472656e223a205b5d2c0a202020202020202022696d706c656d656e746174696f6e223a2022222c0a202020202020202022696d706c656d656e746174696f6e54797065223a2022222c0a202020202020202022756e636f6d70757465496d706c656d656e746174696f6e54797065223a2022222c0a202020202020202022756e636f6d70757465496d706c656d656e746174696f6e223a2022222c0a2020202020202020226964656e74696669657273223a205b0a202020202020202020202271393731333930220a20202020202020205d2c0a202020202020202022706172616d65746572223a202230220a2020202020207d2c0a202020202020227769647468223a203130302c0a20202020202022686569676874223a203130302c0a20202020202022706f736974696f6e4162736f6c757465223a207b0a20202020202020202278223a203834302c0a20202020202020202279223a2034350a2020202020207d2c0a202020202020226472616767696e67223a20747275650a202020207d2c0a202020207b0a202020202020226964223a202236373762353039312d303864362d343536342d616163392d643962343831333039636161222c0a2020202020202274797065223a2022676174654e6f6465222c0a20202020202022706f736974696f6e223a207b0a20202020202020202278223a203634352c0a20202020202020202279223a203235350a2020202020207d2c0a2020202020202264617461223a207b0a2020202020202020226c6162656c223a20224353574150222c0a202020202020202022696e70757473223a205b0a202020202020202020207b0a202020202020202020202020226964223a202262366431353633312d633963342d343631612d393635322d613061336535353138643335222c0a202020202020202020202020226964656e74696669657273223a205b0a20202020202020202020202020202271383132303438220a2020202020202020202020205d2c0a202020202020202020202020226f75747075744964656e746966696572223a2022220a202020202020202020207d2c0a202020202020202020207b0a202020202020202020202020226964223a202266623235613439612d376333302d346537392d626366662d303235393230363563663963222c0a202020202020202020202020226964656e74696669657273223a205b0a20202020202020202020202020202271323735393532220a2020202020202020202020205d2c0a202020202020202020202020226f75747075744964656e746966696572223a2022220a202020202020202020207d2c0a202020202020202020207b0a202020202020202020202020226964223a202238323463623065352d343533332d343237362d623961302d343361396230316134663834222c0a202020202020202020202020226964656e74696669657273223a205b0a20202020202020202020202020202271323632353535220a2020202020202020202020205d0a202020202020202020207d0a20202020202020205d2c0a2020202020202020226368696c6472656e223a205b5d2c0a202020202020202022696d706c656d656e746174696f6e223a2022222c0a202020202020202022696d706c656d656e746174696f6e54797065223a2022222c0a202020202020202022756e636f6d70757465496d706c656d656e746174696f6e54797065223a2022222c0a202020202020202022756e636f6d70757465496d706c656d656e746174696f6e223a2022222c0a2020202020202020226964656e74696669657273223a205b0a202020202020202020202271363233343734220a20202020202020205d2c0a202020202020202022706172616d65746572223a202230220a2020202020207d2c0a202020202020227769647468223a203130302c0a20202020202022686569676874223a203130302c0a20202020202022706f736974696f6e4162736f6c757465223a207b0a20202020202020202278223a203634352c0a20202020202020202279223a203235350a2020202020207d2c0a202020202020226472616767696e67223a20747275650a202020207d2c0a202020207b0a202020202020226964223a202262313164343931632d313836332d346638332d393831352d313833386563313063386430222c0a2020202020202274797065223a20226d6561737572656d656e744e6f6465222c0a20202020202022706f736974696f6e223a207b0a20202020202020202278223a20313137302c0a20202020202020202279223a2033300a2020202020207d2c0a2020202020202264617461223a207b0a2020202020202020226c6162656c223a20224d6561737572656d656e74222c0a202020202020202022696e70757473223a205b0a202020202020202020207b0a202020202020202020202020226964223a202238356164353633322d336539382d343462342d396430632d386662373139623332636461222c0a202020202020202020202020226964656e74696669657273223a205b0a20202020202020202020202020202271393731333930220a2020202020202020202020205d0a202020202020202020207d0a20202020202020205d2c0a2020202020202020226368696c6472656e223a205b5d2c0a202020202020202022696d706c656d656e746174696f6e223a2022222c0a202020202020202022696d706c656d656e746174696f6e54797065223a2022222c0a202020202020202022756e636f6d70757465496d706c656d656e746174696f6e54797065223a2022222c0a202020202020202022756e636f6d70757465496d706c656d656e746174696f6e223a2022222c0a2020202020202020226964656e74696669657273223a205b0a202020202020202020202271393637393531220a20202020202020205d2c0a202020202020202022696e6469636573223a202230222c0a2020202020202020226f75747075744964656e746966696572223a2022220a2020202020207d2c0a202020202020227769647468223a203332302c0a20202020202022686569676874223a203434302c0a20202020202022706f736974696f6e4162736f6c757465223a207b0a20202020202020202278223a20313137302c0a20202020202020202279223a2033300a2020202020207d2c0a202020202020226472616767696e67223a20747275650a202020207d0a20205d2c0a2020226564676573223a205b0a202020207b0a20202020202022736f75726365223a202238356164353633322d336539382d343462342d396430632d386662373139623332636461222c0a20202020202022736f7572636548616e646c65223a20227175616e74756d48616e646c65476174654f75747075743038356164353633322d336539382d343462342d396430632d386662373139623332636461222c0a20202020202022746172676574223a202262313164343931632d313836332d346638332d393831352d313833386563313063386430222c0a2020202020202274617267657448616e646c65223a20227175616e74756d48616e646c654d6561737572656d656e74496e7075743062313164343931632d313836332d346638332d393831352d313833386563313063386430222c0a2020202020202274797065223a20227175616e74756d45646765222c0a202020202020226964223a202237343263343164632d346536622d346466342d383239642d363836326461373862623038222c0a202020202020226d61726b6572456e64223a207b0a20202020202020202274797065223a20226172726f77636c6f736564222c0a2020202020202020227769647468223a2032302c0a202020202020202022686569676874223a2032302c0a202020202020202022636f6c6f72223a202223393343354644222c0a20202020202020202268696464656e223a20747275650a2020202020207d0a202020207d2c0a202020207b0a20202020202022736f75726365223a202236373762353039312d303864362d343536342d616163392d643962343831333039636161222c0a20202020202022736f7572636548616e646c65223a20227175616e74756d48616e646c65476174654f75747075743036373762353039312d303864362d343536342d616163392d643962343831333039636161222c0a20202020202022746172676574223a202238356164353633322d336539382d343462342d396430632d386662373139623332636461222c0a2020202020202274617267657448616e646c65223a20227175616e74756d48616e646c6547617465496e7075743038356164353633322d336539382d343462342d396430632d386662373139623332636461222c0a2020202020202274797065223a20227175616e74756d45646765222c0a202020202020226964223a202261623833653761632d336438382d343234352d383136642d343437353566333733656134222c0a202020202020226d61726b6572456e64223a207b0a20202020202020202274797065223a20226172726f77636c6f736564222c0a2020202020202020227769647468223a2032302c0a202020202020202022686569676874223a2032302c0a202020202020202022636f6c6f72223a202223393343354644222c0a20202020202020202268696464656e223a20747275650a2020202020207d0a202020207d2c0a202020207b0a20202020202022736f75726365223a202238323463623065352d343533332d343237362d623961302d343361396230316134663834222c0a20202020202022736f7572636548616e646c65223a20227175616e74756d48616e646c65476174654f75747075743038323463623065352d343533332d343237362d623961302d343361396230316134663834222c0a20202020202022746172676574223a202236373762353039312d303864362d343536342d616163392d643962343831333039636161222c0a2020202020202274617267657448616e646c65223a20227175616e74756d48616e646c6547617465496e7075743036373762353039312d303864362d343536342d616163392d643962343831333039636161222c0a2020202020202274797065223a20227175616e74756d45646765222c0a202020202020226964223a202234396461663937352d656466342d343432622d393539642d613132666162643233636439222c0a202020202020226d61726b6572456e64223a207b0a20202020202020202274797065223a20226172726f77636c6f736564222c0a2020202020202020227769647468223a2032302c0a202020202020202022686569676874223a2032302c0a202020202020202022636f6c6f72223a202223393343354644222c0a20202020202020202268696464656e223a20747275650a2020202020207d0a202020207d2c0a202020207b0a20202020202022736f75726365223a202266623235613439612d376333302d346537392d626366662d303235393230363563663963222c0a20202020202022736f7572636548616e646c65223a20227175616e74756d48616e646c6573746174655072657061726174696f6e4e6f64654f75747075743066623235613439612d376333302d346537392d626366662d303235393230363563663963222c0a20202020202022746172676574223a202236373762353039312d303864362d343536342d616163392d643962343831333039636161222c0a2020202020202274617267657448616e646c65223a20227175616e74756d48616e646c6547617465496e7075743236373762353039312d303864362d343536342d616163392d643962343831333039636161222c0a2020202020202274797065223a20227175616e74756d45646765222c0a202020202020226964223a202238326466313534612d656361322d346337312d396466342d626162333939663433613062222c0a202020202020226d61726b6572456e64223a207b0a20202020202020202274797065223a20226172726f77636c6f736564222c0a2020202020202020227769647468223a2032302c0a202020202020202022686569676874223a2032302c0a202020202020202022636f6c6f72223a202223393343354644222c0a20202020202020202268696464656e223a20747275650a2020202020207d0a202020207d2c0a202020207b0a20202020202022736f75726365223a202262366431353633312d633963342d343631612d393635322d613061336535353138643335222c0a20202020202022736f7572636548616e646c65223a20227175616e74756d48616e646c6573746174655072657061726174696f6e4e6f64654f75747075743062366431353633312d633963342d343631612d393635322d613061336535353138643335222c0a20202020202022746172676574223a202236373762353039312d303864362d343536342d616163392d643962343831333039636161222c0a2020202020202274617267657448616e646c65223a20227175616e74756d48616e646c6547617465496e7075743136373762353039312d303864362d343536342d616163392d643962343831333039636161222c0a2020202020202274797065223a20227175616e74756d45646765222c0a202020202020226964223a202231346632396632342d386331392d343864622d623233632d326662643937663564393861222c0a202020202020226d61726b6572456e64223a207b0a20202020202020202274797065223a20226172726f77636c6f736564222c0a2020202020202020227769647468223a2032302c0a202020202020202022686569676874223a2032302c0a202020202020202022636f6c6f72223a202223393343354644222c0a20202020202020202268696464656e223a20747275650a2020202020207d0a202020207d2c0a202020207b0a20202020202022736f75726365223a202230316163393765372d623437332d343865612d613930342d316331663363323834646437222c0a20202020202022736f7572636548616e646c65223a20227175616e74756d48616e646c65476174654f75747075743030316163393765372d623437332d343865612d613930342d316331663363323834646437222c0a20202020202022746172676574223a202238323463623065352d343533332d343237362d623961302d343361396230316134663834222c0a2020202020202274617267657448616e646c65223a20227175616e74756d48616e646c6547617465496e7075743038323463623065352d343533332d343237362d623961302d343361396230316134663834222c0a2020202020202274797065223a20227175616e74756d45646765222c0a202020202020226964223a202236613931623431362d633734352d343139632d623465302d666262366164623936663536222c0a202020202020226d61726b6572456e64223a207b0a20202020202020202274797065223a20226172726f77636c6f736564222c0a2020202020202020227769647468223a2032302c0a202020202020202022686569676874223a2032302c0a202020202020202022636f6c6f72223a202223393343354644222c0a20202020202020202268696464656e223a20747275650a2020202020207d0a202020207d0a20205d2c0a20202276696577706f7274223a207b0a202020202278223a203134352e323534363832303039313730322c0a202020202279223a203131372e373033323036363632303932352c0a20202020227a6f6f6d223a20302e373233333231343536383037303634370a20207d0a7d', 'f9d04d26-80f7-464c-95e1-9b87a738e8f0');
INSERT INTO public.file_data (id, data, file_id) VALUES ('ab9186c5-1b9b-4331-88db-0794ec6e4c4d', '\x7b0a2020226964656e74696669657273223a205b0a20202020226d61785f637574222c0a20202020227175616e74756d2d6b2d6e6561726573742d6e65696768626f757273222c0a20202020227175616e74756d2d6b2d6d65616e73220a20205d2c0a20202274616773223a205b0a202020207b0a202020202020226d61746368223a2022616c6c222c0a2020202020202274616773223a205b22636c7573746572696e67222c20227175616e74756d225d0a202020207d2c0a202020207b0a202020202020226d61746368223a2022616c6c222c0a2020202020202274616773223a205b22636c7573746572696e67222c2022514d4c225d0a202020207d0a20205d0a7d0a', '38238b94-61ee-41f3-8b19-bb63f178a5fe');
INSERT INTO public.file_data (id, data, file_id) VALUES ('25ae8716-62c5-4a46-b8da-34aa8fa93c48', '\x7b0a2020226964656e74696669657273223a205b0a20202020227175616e74756d2d636e6e222c0a2020202022716e6e222c0a20202020227175616e74756d2d7061727a656e2d77696e646f77222c0a2020202022767163222c0a202020202273766d220a20205d2c0a20202274616773223a205b0a202020207b0a202020202020226d61746368223a2022616c6c222c0a2020202020202274616773223a205b22636c617373696669636174696f6e222c20227175616e74756d225d0a202020207d2c0a202020207b0a202020202020226d61746368223a2022616c6c222c0a2020202020202274616773223a205b22636c617373696669636174696f6e222c2022514d4c225d0a202020207d2c0a202020207b0a202020202020226d61746368223a2022616c6c222c0a2020202020202274616773223a205b226e657572616c2d6e6574776f726b222c20227175616e74756d225d0a202020207d2c0a202020207b0a202020202020226d61746368223a2022616c6c222c0a2020202020202274616773223a205b226e657572616c2d6e6574776f726b222c2022514d4c225d0a202020207d0a20205d0a7d0a', '9fed54f5-edbd-49f6-a5fb-721a6e20d702');
INSERT INTO public.file_data (id, data, file_id) VALUES ('2a055335-0f02-4a98-800b-8dc38f5d0073', '\x7b0a2020226964656e74696669657273223a205b0a2020202022416d617a6f6e4272616b65745f4c6f63616c53696d756c61746f72222c0a20202020227169736b69742d6578656375746f72222c0a2020202022636972712d73696d756c61746f72222c0a20202020226d71742d73696d756c61746f72222c0a202020202270656e6e796c616e652d73696d756c61746f72222c0a20202020227079746b65745f71756c6163734261636b656e642d73696d756c61746f72222c0a20202020227169736b69742d73696d756c61746f72220a20205d2c0a20202274616773223a205b22636972637569742d6578656375746f72225d0a7d0a', 'c46652b7-e626-4d3d-ac81-8a33d3207bb3');
INSERT INTO public.file_data (id, data, file_id) VALUES ('94c97651-d6ca-41d4-bff6-b95f5677a477', '\x7b0a2020226964656e74696669657273223a205b0a2020202022416d617a6f6e4272616b65745f4c6f63616c53696d756c61746f72222c0a20202020227169736b69742d6578656375746f72222c0a2020202022636972712d73696d756c61746f72222c0a20202020226d71742d73696d756c61746f72222c0a202020202270656e6e796c616e652d73696d756c61746f72222c0a20202020227079746b65745f71756c6163734261636b656e642d73696d756c61746f72222c0a20202020227169736b69742d73696d756c61746f72220a20205d2c0a20202274616773223a205b22636972637569742d6578656375746f72225d0a7d0a', '297705dd-bbd1-40fb-b488-93a0a2479485');
INSERT INTO public.file_data (id, data, file_id) VALUES ('b9787f8f-546b-4e3a-8086-b2531c05169f', '\x7b0a2020226964656e74696669657273223a205b226e6973712d616e616c797a6572225d2c0a20202274616773223a205b5d0a7d0a', '38a07846-752f-47ec-90e5-274143586904');
INSERT INTO public.file_data (id, data, file_id) VALUES ('c2529ea2-217f-45f2-8305-ceeaa21fc1dc', '\x7b0a2020226964656e74696669657273223a205b5d2c0a20202274616773223a205b227175616e74756d222c2022514d4c225d0a7d0a', '71e50784-3c73-4a29-805c-b901cc2901a5');

-- Implementation packages for pattern solutions
INSERT INTO public.implementation_package (dtype, id, description, name, package_type, implementation_id, type) VALUES ('FileImplementationPackage', 'b115d354-ce15-41f2-b439-a5cfac2c85f5', 'low_code_modeler solution for QAOA', 'QAOA low_code_modeler package', 0, '03223c33-7cd2-4496-84c9-c654da405b19', 'low_code_modeler');
INSERT INTO public.implementation_package (dtype, id, description, name, package_type, implementation_id, type) VALUES ('FileImplementationPackage', 'a30f9957-212d-4b2d-8d16-d9cc6909b0d2', 'low_code_modeler solution for Basis Encoding', 'Basis Encoding low_code_modeler package', 0, 'b9450d3c-230f-4509-9ed9-2f95ce69a73c', 'low_code_modeler');
INSERT INTO public.implementation_package (dtype, id, description, name, package_type, implementation_id, type) VALUES ('FileImplementationPackage', '8de4871e-fa9e-4443-829d-0a99cbe141cc', 'low_code_modeler solution for Matrix Encoding', 'Matrix Encoding low_code_modeler package', 0, '25d7c366-1e9b-422a-b31a-d046d2426f35', 'low_code_modeler');
INSERT INTO public.implementation_package (dtype, id, description, name, package_type, implementation_id, type) VALUES ('FileImplementationPackage', 'd6115670-3a14-4039-bdd5-1297fbecbc2b', 'low_code_modeler solution for Schmidt Decomposition', 'Schmidt Decomposition low_code_modeler package', 0, '5a5b3d81-e2b8-42c8-8955-ecca85d9fbe0', 'low_code_modeler');
INSERT INTO public.implementation_package (dtype, id, description, name, package_type, implementation_id, type) VALUES ('FileImplementationPackage', '411b705c-1a6d-4cee-bd34-73e151304dc1', 'low_code_modeler solution for Amplitude Encoding', 'Amplitude Encoding low_code_modeler package', 0, '2778bd5b-4818-43b3-bdd9-226adbaab82d', 'low_code_modeler');
INSERT INTO public.implementation_package (dtype, id, description, name, package_type, implementation_id, type) VALUES ('FileImplementationPackage', 'f8fb0977-1b67-439e-997a-0b9368cbd733', 'low_code_modeler solution for Angle Encoding', 'Angle Encoding low_code_modeler package', 0, 'b92d03a6-4023-49e6-95f5-889b66c0e8e3', 'low_code_modeler');
INSERT INTO public.implementation_package (dtype, id, description, name, package_type, implementation_id, type) VALUES ('FileImplementationPackage', 'd06e1e18-655b-4aed-b4a0-dac2132fc6d2', 'low_code_modeler solution for SWAP Test', 'SWAP Test low_code_modeler package', 0, '7e171909-a31d-465e-a50d-f39e24112323', 'low_code_modeler');
INSERT INTO public.implementation_package (dtype, id, description, name, package_type, implementation_id, type) VALUES ('FileImplementationPackage', 'eff31239-d6db-4a27-93bc-819091bdc873', 'qhana_plugin solution for Quantum Clustering', 'Quantum Clustering qhana_plugin package', 0, '61a59337-853b-4fff-83a8-367946e3c365', 'qhana_plugin');
INSERT INTO public.implementation_package (dtype, id, description, name, package_type, implementation_id, type) VALUES ('FileImplementationPackage', '73d39916-ed39-4b9b-86c2-5ea5f94337b1', 'qhana_plugin solution for Quantum Classification', 'Quantum Classification qhana_plugin package', 0, '14ad80b5-0498-482d-b3b5-d053e349b130', 'qhana_plugin');
INSERT INTO public.implementation_package (dtype, id, description, name, package_type, implementation_id, type) VALUES ('FileImplementationPackage', '3b718d38-501c-4a5f-a188-70b360a48671', 'qhana_plugin solution for Unified Execution', 'Unified Execution qhana_plugin package', 0, '527f3911-6549-4e07-b6a7-e8af1371f277', 'qhana_plugin');
INSERT INTO public.implementation_package (dtype, id, description, name, package_type, implementation_id, type) VALUES ('FileImplementationPackage', '7b9e6712-0e3c-4db2-8a1d-add4617c1c66', 'qhana_plugin solution for Standalone Circuit Execution', 'Standalone Circuit Execution qhana_plugin package', 0, '2c2382ba-b145-4e37-a463-632a7cdd4b16', 'qhana_plugin');
INSERT INTO public.implementation_package (dtype, id, description, name, package_type, implementation_id, type) VALUES ('FileImplementationPackage', '105574a4-e672-4562-985b-f247cba75407', 'qhana_plugin solution for Quantum Hardware Selection', 'Quantum Hardware Selection qhana_plugin package', 0, '2814c4d7-2763-4fd4-ac23-1c1c4c4ca935', 'qhana_plugin');
INSERT INTO public.implementation_package (dtype, id, description, name, package_type, implementation_id, type) VALUES ('FileImplementationPackage', '8603d40d-c7ff-4667-b7dc-690912ac7a9a', 'qhana_plugin solution for Hybrid Module', 'Hybrid Module qhana_plugin package', 0, '40268dc8-1e82-4b6b-8d78-b32f48815d2e', 'qhana_plugin');

-- Link files to implementation packages
INSERT INTO public.implementation_package_file (file_id, implementation_package_id) VALUES ('93ca986a-6bab-4f9b-9c3e-0c22c991f042', 'b115d354-ce15-41f2-b439-a5cfac2c85f5');
INSERT INTO public.implementation_package_file (file_id, implementation_package_id) VALUES ('58e98546-6a3c-464a-b5d6-f19097ab8caf', 'a30f9957-212d-4b2d-8d16-d9cc6909b0d2');
INSERT INTO public.implementation_package_file (file_id, implementation_package_id) VALUES ('13347270-1e8f-432f-9930-1d43f3520b13', '8de4871e-fa9e-4443-829d-0a99cbe141cc');
INSERT INTO public.implementation_package_file (file_id, implementation_package_id) VALUES ('097f2afb-b5e0-489c-bf8b-25aa435f1f17', 'd6115670-3a14-4039-bdd5-1297fbecbc2b');
INSERT INTO public.implementation_package_file (file_id, implementation_package_id) VALUES ('c65cb7ab-51ee-4078-ad2b-d1aefa067ab4', '411b705c-1a6d-4cee-bd34-73e151304dc1');
INSERT INTO public.implementation_package_file (file_id, implementation_package_id) VALUES ('d3a347ed-ba0e-4945-9b1e-50514c09ef57', 'f8fb0977-1b67-439e-997a-0b9368cbd733');
INSERT INTO public.implementation_package_file (file_id, implementation_package_id) VALUES ('f9d04d26-80f7-464c-95e1-9b87a738e8f0', 'd06e1e18-655b-4aed-b4a0-dac2132fc6d2');
INSERT INTO public.implementation_package_file (file_id, implementation_package_id) VALUES ('38238b94-61ee-41f3-8b19-bb63f178a5fe', 'eff31239-d6db-4a27-93bc-819091bdc873');
INSERT INTO public.implementation_package_file (file_id, implementation_package_id) VALUES ('9fed54f5-edbd-49f6-a5fb-721a6e20d702', '73d39916-ed39-4b9b-86c2-5ea5f94337b1');
INSERT INTO public.implementation_package_file (file_id, implementation_package_id) VALUES ('c46652b7-e626-4d3d-ac81-8a33d3207bb3', '3b718d38-501c-4a5f-a188-70b360a48671');
INSERT INTO public.implementation_package_file (file_id, implementation_package_id) VALUES ('297705dd-bbd1-40fb-b488-93a0a2479485', '7b9e6712-0e3c-4db2-8a1d-add4617c1c66');
INSERT INTO public.implementation_package_file (file_id, implementation_package_id) VALUES ('38a07846-752f-47ec-90e5-274143586904', '105574a4-e672-4562-985b-f247cba75407');
INSERT INTO public.implementation_package_file (file_id, implementation_package_id) VALUES ('71e50784-3c73-4a29-805c-b901cc2901a5', '8603d40d-c7ff-4667-b7dc-690912ac7a9a');

