-- Pattern solution additions
ALTER TABLE public.implementation_package ADD COLUMN IF NOT EXISTS type character varying(255);

-- Set solution types for existing workflow packages
UPDATE public.implementation_package SET type = 'workflow_editor' WHERE id IN ('74e800a9-60c9-4561-a273-db80e513779b', '30e2883c-39e2-4188-915e-f70e793c5d4c');

-- Knowledge artifact entries for new algorithms, implementations, and files
INSERT INTO public.knowledge_artifact (id, creation_date, last_modified_at) VALUES ('097f2afb-b5e0-489c-bf8b-25aa435f1f17', NULL, NULL);
INSERT INTO public.knowledge_artifact (id, creation_date, last_modified_at) VALUES ('13347270-1e8f-432f-9930-1d43f3520b13', NULL, NULL);
INSERT INTO public.knowledge_artifact (id, creation_date, last_modified_at) VALUES ('249424f5-05ff-4246-9a25-33fa3146ca8d', NULL, NULL);
INSERT INTO public.knowledge_artifact (id, creation_date, last_modified_at) VALUES ('25d7c366-1e9b-422a-b31a-d046d2426f35', NULL, NULL);
INSERT INTO public.knowledge_artifact (id, creation_date, last_modified_at) VALUES ('2778bd5b-4818-43b3-bdd9-226adbaab82d', NULL, NULL);
INSERT INTO public.knowledge_artifact (id, creation_date, last_modified_at) VALUES ('2814c4d7-2763-4fd4-ac23-1c1c4c4ca935', NULL, NULL);
INSERT INTO public.knowledge_artifact (id, creation_date, last_modified_at) VALUES ('297705dd-bbd1-40fb-b488-93a0a2479485', NULL, NULL);
INSERT INTO public.knowledge_artifact (id, creation_date, last_modified_at) VALUES ('2c2382ba-b145-4e37-a463-632a7cdd4b16', NULL, NULL);
INSERT INTO public.knowledge_artifact (id, creation_date, last_modified_at) VALUES ('38238b94-61ee-41f3-8b19-bb63f178a5fe', NULL, NULL);
INSERT INTO public.knowledge_artifact (id, creation_date, last_modified_at) VALUES ('38a07846-752f-47ec-90e5-274143586904', NULL, NULL);
INSERT INTO public.knowledge_artifact (id, creation_date, last_modified_at) VALUES ('3b67ba6c-46b8-4788-99e4-3790a393c023', NULL, NULL);
INSERT INTO public.knowledge_artifact (id, creation_date, last_modified_at) VALUES ('40268dc8-1e82-4b6b-8d78-b32f48815d2e', NULL, NULL);
INSERT INTO public.knowledge_artifact (id, creation_date, last_modified_at) VALUES ('4e253e6d-f9f6-44eb-bce3-ba8584bc8afa', NULL, NULL);
INSERT INTO public.knowledge_artifact (id, creation_date, last_modified_at) VALUES ('4e4d31fc-6b46-411f-bf4c-d644944dd682', NULL, NULL);
INSERT INTO public.knowledge_artifact (id, creation_date, last_modified_at) VALUES ('527f3911-6549-4e07-b6a7-e8af1371f277', NULL, NULL);
INSERT INTO public.knowledge_artifact (id, creation_date, last_modified_at) VALUES ('58e98546-6a3c-464a-b5d6-f19097ab8caf', NULL, NULL);
INSERT INTO public.knowledge_artifact (id, creation_date, last_modified_at) VALUES ('5a5b3d81-e2b8-42c8-8955-ecca85d9fbe0', NULL, NULL);
INSERT INTO public.knowledge_artifact (id, creation_date, last_modified_at) VALUES ('6d2c6bdf-f00d-428f-9941-740bab19859f', NULL, NULL);
INSERT INTO public.knowledge_artifact (id, creation_date, last_modified_at) VALUES ('71e50784-3c73-4a29-805c-b901cc2901a5', NULL, NULL);
INSERT INTO public.knowledge_artifact (id, creation_date, last_modified_at) VALUES ('71fc3324-205e-4e19-9ab7-4496956bdf42', NULL, NULL);
INSERT INTO public.knowledge_artifact (id, creation_date, last_modified_at) VALUES ('7e171909-a31d-465e-a50d-f39e24112323', NULL, NULL);
INSERT INTO public.knowledge_artifact (id, creation_date, last_modified_at) VALUES ('7ef3039b-f934-4f93-99aa-9faf8b08dd00', NULL, NULL);
INSERT INTO public.knowledge_artifact (id, creation_date, last_modified_at) VALUES ('93ca986a-6bab-4f9b-9c3e-0c22c991f042', NULL, NULL);
INSERT INTO public.knowledge_artifact (id, creation_date, last_modified_at) VALUES ('9fed54f5-edbd-49f6-a5fb-721a6e20d702', NULL, NULL);
INSERT INTO public.knowledge_artifact (id, creation_date, last_modified_at) VALUES ('b92d03a6-4023-49e6-95f5-889b66c0e8e3', NULL, NULL);
INSERT INTO public.knowledge_artifact (id, creation_date, last_modified_at) VALUES ('b9450d3c-230f-4509-9ed9-2f95ce69a73c', NULL, NULL);
INSERT INTO public.knowledge_artifact (id, creation_date, last_modified_at) VALUES ('c46652b7-e626-4d3d-ac81-8a33d3207bb3', NULL, NULL);
INSERT INTO public.knowledge_artifact (id, creation_date, last_modified_at) VALUES ('c65cb7ab-51ee-4078-ad2b-d1aefa067ab4', NULL, NULL);
INSERT INTO public.knowledge_artifact (id, creation_date, last_modified_at) VALUES ('ce015060-c4da-47f2-a06f-b8d46e150cf3', NULL, NULL);
INSERT INTO public.knowledge_artifact (id, creation_date, last_modified_at) VALUES ('d3a347ed-ba0e-4945-9b1e-50514c09ef57', NULL, NULL);
INSERT INTO public.knowledge_artifact (id, creation_date, last_modified_at) VALUES ('dcfcdf31-0ef9-4ca9-885f-0f7848509b72', NULL, NULL);
INSERT INTO public.knowledge_artifact (id, creation_date, last_modified_at) VALUES ('e4bd89a5-e590-4971-aaba-95a8d8f11f57', NULL, NULL);
INSERT INTO public.knowledge_artifact (id, creation_date, last_modified_at) VALUES ('f9d04d26-80f7-464c-95e1-9b87a738e8f0', NULL, NULL);

INSERT INTO public.knowledge_artifact (id, creation_date, last_modified_at) VALUES ('ce3a44ae-af2a-44b4-8955-cedd56d97f79', NULL, NULL);
INSERT INTO public.knowledge_artifact (id, creation_date, last_modified_at) VALUES ('c2f2b67f-0087-499b-94c9-9747df98999e', NULL, NULL);
INSERT INTO public.knowledge_artifact (id, creation_date, last_modified_at) VALUES ('3148c756-c9bd-487a-a7b4-365924ef7cb0', NULL, NULL);
INSERT INTO public.knowledge_artifact (id, creation_date, last_modified_at) VALUES ('9edc0903-9b99-432b-b9eb-1f02570cb7d1', NULL, NULL);
INSERT INTO public.knowledge_artifact (id, creation_date, last_modified_at) VALUES ('41cbc632-5404-4320-a277-ae5913ffb0e8', NULL, NULL);
INSERT INTO public.knowledge_artifact (id, creation_date, last_modified_at) VALUES ('e75cd51f-baae-4ec8-ac91-0a86c962e6f9', NULL, NULL);

-- New algorithms for pattern solutions
INSERT INTO public.algorithm (acronym, algo_parameter, assumptions, computation_model, input_format, intent, name, output_format, problem, solution, id) VALUES (NULL, NULL, NULL, NULL, NULL, NULL, 'Basis Encoding', NULL, NULL, NULL, '6d2c6bdf-f00d-428f-9941-740bab19859f');
INSERT INTO public.algorithm (acronym, algo_parameter, assumptions, computation_model, input_format, intent, name, output_format, problem, solution, id) VALUES (NULL, NULL, NULL, NULL, NULL, NULL, 'Matrix Encoding', NULL, NULL, NULL, '249424f5-05ff-4246-9a25-33fa3146ca8d');
INSERT INTO public.algorithm (acronym, algo_parameter, assumptions, computation_model, input_format, intent, name, output_format, problem, solution, id) VALUES (NULL, NULL, NULL, NULL, NULL, NULL, 'Schmidt Decomposition', NULL, NULL, NULL, '7ef3039b-f934-4f93-99aa-9faf8b08dd00');
INSERT INTO public.algorithm (acronym, algo_parameter, assumptions, computation_model, input_format, intent, name, output_format, problem, solution, id) VALUES (NULL, NULL, NULL, NULL, NULL, NULL, 'Amplitude Encoding', NULL, NULL, NULL, 'dcfcdf31-0ef9-4ca9-885f-0f7848509b72');
INSERT INTO public.algorithm (acronym, algo_parameter, assumptions, computation_model, input_format, intent, name, output_format, problem, solution, id) VALUES (NULL, NULL, NULL, NULL, NULL, NULL, 'Angle Encoding', NULL, NULL, NULL, 'ce015060-c4da-47f2-a06f-b8d46e150cf3');
INSERT INTO public.algorithm (acronym, algo_parameter, assumptions, computation_model, input_format, intent, name, output_format, problem, solution, id) VALUES (NULL, NULL, NULL, NULL, NULL, NULL, 'SWAP Test', NULL, NULL, NULL, 'e4bd89a5-e590-4971-aaba-95a8d8f11f57');
INSERT INTO public.algorithm (acronym, algo_parameter, assumptions, computation_model, input_format, intent, name, output_format, problem, solution, id) VALUES (NULL, NULL, NULL, NULL, NULL, NULL, 'Unified Execution', NULL, NULL, NULL, '71fc3324-205e-4e19-9ab7-4496956bdf42');
INSERT INTO public.algorithm (acronym, algo_parameter, assumptions, computation_model, input_format, intent, name, output_format, problem, solution, id) VALUES (NULL, NULL, NULL, NULL, NULL, NULL, 'Standalone Circuit Execution', NULL, NULL, NULL, '4e253e6d-f9f6-44eb-bce3-ba8584bc8afa');
INSERT INTO public.algorithm (acronym, algo_parameter, assumptions, computation_model, input_format, intent, name, output_format, problem, solution, id) VALUES (NULL, NULL, NULL, NULL, NULL, NULL, 'Quantum Hardware Selection', NULL, NULL, NULL, '3b67ba6c-46b8-4788-99e4-3790a393c023');
INSERT INTO public.algorithm (acronym, algo_parameter, assumptions, computation_model, input_format, intent, name, output_format, problem, solution, id) VALUES (NULL, NULL, NULL, NULL, NULL, NULL, 'Hybrid Module', NULL, NULL, NULL, '4e4d31fc-6b46-411f-bf4c-d644944dd682');

INSERT INTO public.algorithm (acronym, algo_parameter, assumptions, computation_model, input_format, intent, name, output_format, problem, solution, id) VALUES (NULL, NULL, NULL, NULL, NULL, NULL, 'Hadamard Test Real', NULL, NULL, NULL, 'ce3a44ae-af2a-44b4-8955-cedd56d97f79');
INSERT INTO public.algorithm (acronym, algo_parameter, assumptions, computation_model, input_format, intent, name, output_format, problem, solution, id) VALUES (NULL, NULL, NULL, NULL, NULL, NULL, 'Hadamard Test Imaginary', NULL, NULL, NULL, '9edc0903-9b99-432b-b9eb-1f02570cb7d1');

-- Mark new algorithms as quantum algorithms
INSERT INTO public.quantum_algorithm (nisq_ready, quantum_computation_model, speed_up, id) VALUES (false, 0, NULL, '6d2c6bdf-f00d-428f-9941-740bab19859f');
INSERT INTO public.quantum_algorithm (nisq_ready, quantum_computation_model, speed_up, id) VALUES (false, 0, NULL, '249424f5-05ff-4246-9a25-33fa3146ca8d');
INSERT INTO public.quantum_algorithm (nisq_ready, quantum_computation_model, speed_up, id) VALUES (false, 0, NULL, '7ef3039b-f934-4f93-99aa-9faf8b08dd00');
INSERT INTO public.quantum_algorithm (nisq_ready, quantum_computation_model, speed_up, id) VALUES (false, 0, NULL, 'dcfcdf31-0ef9-4ca9-885f-0f7848509b72');
INSERT INTO public.quantum_algorithm (nisq_ready, quantum_computation_model, speed_up, id) VALUES (false, 0, NULL, 'ce015060-c4da-47f2-a06f-b8d46e150cf3');
INSERT INTO public.quantum_algorithm (nisq_ready, quantum_computation_model, speed_up, id) VALUES (false, 0, NULL, 'e4bd89a5-e590-4971-aaba-95a8d8f11f57');
INSERT INTO public.quantum_algorithm (nisq_ready, quantum_computation_model, speed_up, id) VALUES (false, 0, NULL, '71fc3324-205e-4e19-9ab7-4496956bdf42');
INSERT INTO public.quantum_algorithm (nisq_ready, quantum_computation_model, speed_up, id) VALUES (false, 0, NULL, '4e253e6d-f9f6-44eb-bce3-ba8584bc8afa');
INSERT INTO public.quantum_algorithm (nisq_ready, quantum_computation_model, speed_up, id) VALUES (false, 0, NULL, '3b67ba6c-46b8-4788-99e4-3790a393c023');
INSERT INTO public.quantum_algorithm (nisq_ready, quantum_computation_model, speed_up, id) VALUES (false, 0, NULL, '4e4d31fc-6b46-411f-bf4c-d644944dd682');

INSERT INTO public.quantum_algorithm (nisq_ready, quantum_computation_model, speed_up, id) VALUES (false, 0, NULL, 'ce3a44ae-af2a-44b4-8955-cedd56d97f79');
INSERT INTO public.quantum_algorithm (nisq_ready, quantum_computation_model, speed_up, id) VALUES (false, 0, NULL, '9edc0903-9b99-432b-b9eb-1f02570cb7d1');

-- New implementations for pattern solutions
INSERT INTO public.implementation (assumptions, contributors, dependencies, description, input_format, license, link, name, technology, output_format, parameter, problem_statement, version, id, implemented_algorithm_id) VALUES (NULL, NULL, NULL, NULL, NULL, NULL, NULL, 'Basis Encoding implementation', NULL, NULL, NULL, NULL, NULL, 'b9450d3c-230f-4509-9ed9-2f95ce69a73c', '6d2c6bdf-f00d-428f-9941-740bab19859f');
INSERT INTO public.implementation (assumptions, contributors, dependencies, description, input_format, license, link, name, technology, output_format, parameter, problem_statement, version, id, implemented_algorithm_id) VALUES (NULL, NULL, NULL, NULL, NULL, NULL, NULL, 'Matrix Encoding implementation', NULL, NULL, NULL, NULL, NULL, '25d7c366-1e9b-422a-b31a-d046d2426f35', '249424f5-05ff-4246-9a25-33fa3146ca8d');
INSERT INTO public.implementation (assumptions, contributors, dependencies, description, input_format, license, link, name, technology, output_format, parameter, problem_statement, version, id, implemented_algorithm_id) VALUES (NULL, NULL, NULL, NULL, NULL, NULL, NULL, 'Schmidt Decomposition implementation', NULL, NULL, NULL, NULL, NULL, '5a5b3d81-e2b8-42c8-8955-ecca85d9fbe0', '7ef3039b-f934-4f93-99aa-9faf8b08dd00');
INSERT INTO public.implementation (assumptions, contributors, dependencies, description, input_format, license, link, name, technology, output_format, parameter, problem_statement, version, id, implemented_algorithm_id) VALUES (NULL, NULL, NULL, NULL, NULL, NULL, NULL, 'Amplitude Encoding implementation', NULL, NULL, NULL, NULL, NULL, '2778bd5b-4818-43b3-bdd9-226adbaab82d', 'dcfcdf31-0ef9-4ca9-885f-0f7848509b72');
INSERT INTO public.implementation (assumptions, contributors, dependencies, description, input_format, license, link, name, technology, output_format, parameter, problem_statement, version, id, implemented_algorithm_id) VALUES (NULL, NULL, NULL, NULL, NULL, NULL, NULL, 'Angle Encoding implementation', NULL, NULL, NULL, NULL, NULL, 'b92d03a6-4023-49e6-95f5-889b66c0e8e3', 'ce015060-c4da-47f2-a06f-b8d46e150cf3');
INSERT INTO public.implementation (assumptions, contributors, dependencies, description, input_format, license, link, name, technology, output_format, parameter, problem_statement, version, id, implemented_algorithm_id) VALUES (NULL, NULL, NULL, NULL, NULL, NULL, NULL, 'SWAP Test implementation', NULL, NULL, NULL, NULL, NULL, '7e171909-a31d-465e-a50d-f39e24112323', 'e4bd89a5-e590-4971-aaba-95a8d8f11f57');
INSERT INTO public.implementation (assumptions, contributors, dependencies, description, input_format, license, link, name, technology, output_format, parameter, problem_statement, version, id, implemented_algorithm_id) VALUES (NULL, NULL, NULL, NULL, NULL, NULL, NULL, 'Unified Execution implementation', NULL, NULL, NULL, NULL, NULL, '527f3911-6549-4e07-b6a7-e8af1371f277', '71fc3324-205e-4e19-9ab7-4496956bdf42');
INSERT INTO public.implementation (assumptions, contributors, dependencies, description, input_format, license, link, name, technology, output_format, parameter, problem_statement, version, id, implemented_algorithm_id) VALUES (NULL, NULL, NULL, NULL, NULL, NULL, NULL, 'Standalone Circuit Execution implementation', NULL, NULL, NULL, NULL, NULL, '2c2382ba-b145-4e37-a463-632a7cdd4b16', '4e253e6d-f9f6-44eb-bce3-ba8584bc8afa');
INSERT INTO public.implementation (assumptions, contributors, dependencies, description, input_format, license, link, name, technology, output_format, parameter, problem_statement, version, id, implemented_algorithm_id) VALUES (NULL, NULL, NULL, NULL, NULL, NULL, NULL, 'Quantum Hardware Selection implementation', NULL, NULL, NULL, NULL, NULL, '2814c4d7-2763-4fd4-ac23-1c1c4c4ca935', '3b67ba6c-46b8-4788-99e4-3790a393c023');
INSERT INTO public.implementation (assumptions, contributors, dependencies, description, input_format, license, link, name, technology, output_format, parameter, problem_statement, version, id, implemented_algorithm_id) VALUES (NULL, NULL, NULL, NULL, NULL, NULL, NULL, 'Hybrid Module implementation', NULL, NULL, NULL, NULL, NULL, '40268dc8-1e82-4b6b-8d78-b32f48815d2e', '4e4d31fc-6b46-411f-bf4c-d644944dd682');

INSERT INTO public.implementation (assumptions, contributors, dependencies, description, input_format, license, link, name, technology, output_format, parameter, problem_statement, version, id, implemented_algorithm_id) VALUES (NULL, NULL, NULL, NULL, NULL, NULL, NULL, 'Hadamard Test Real implementation', NULL, NULL, NULL, NULL, NULL, 'c2f2b67f-0087-499b-94c9-9747df98999e', 'ce3a44ae-af2a-44b4-8955-cedd56d97f79');
INSERT INTO public.implementation (assumptions, contributors, dependencies, description, input_format, license, link, name, technology, output_format, parameter, problem_statement, version, id, implemented_algorithm_id) VALUES (NULL, NULL, NULL, NULL, NULL, NULL, NULL, 'Hadamard Test Imaginary implementation', NULL, NULL, NULL, NULL, NULL, '41cbc632-5404-4320-a277-ae5913ffb0e8', '9edc0903-9b99-432b-b9eb-1f02570cb7d1');

-- Pattern URIs for new implementations
INSERT INTO public.pattern_uris (implementation_id, pattern_uri) VALUES ('527f3911-6549-4e07-b6a7-e8af1371f277', 'patternLanguages/af7780d5-1f97-4536-8da7-4194b093ab1d/patterns/59389814-01e0-4422-8012-a298940064aa');
INSERT INTO public.pattern_uris (implementation_id, pattern_uri) VALUES ('2c2382ba-b145-4e37-a463-632a7cdd4b16', 'patternLanguages/af7780d5-1f97-4536-8da7-4194b093ab1d/patterns/5850c6ab-5c87-4331-8439-73692a403228');
INSERT INTO public.pattern_uris (implementation_id, pattern_uri) VALUES ('2814c4d7-2763-4fd4-ac23-1c1c4c4ca935', 'patternLanguages/af7780d5-1f97-4536-8da7-4194b093ab1d/patterns/0ad210d4-18ad-4803-ba6b-536af0fab317');
INSERT INTO public.pattern_uris (implementation_id, pattern_uri) VALUES ('40268dc8-1e82-4b6b-8d78-b32f48815d2e', 'patternLanguages/af7780d5-1f97-4536-8da7-4194b093ab1d/patterns/4074490a-4236-49ed-83d1-625ce58e2dbd');

INSERT INTO public.pattern_uris (implementation_id, pattern_uri) VALUES ('b9450d3c-230f-4509-9ed9-2f95ce69a73c', 'patternLanguages/af7780d5-1f97-4536-8da7-4194b093ab1d/patterns/bcd4c7a1-3c92-4f8c-a530-72b8b95d3750');
INSERT INTO public.pattern_uris (implementation_id, pattern_uri) VALUES ('25d7c366-1e9b-422a-b31a-d046d2426f35', 'patternLanguages/af7780d5-1f97-4536-8da7-4194b093ab1d/patterns/45d09c54-3f4a-453b-885d-2772443c8d72');
INSERT INTO public.pattern_uris (implementation_id, pattern_uri) VALUES ('5a5b3d81-e2b8-42c8-8955-ecca85d9fbe0', 'patternLanguages/af7780d5-1f97-4536-8da7-4194b093ab1d/patterns/4437fb83-34c0-47a8-8c6f-1272a76b76bb');
INSERT INTO public.pattern_uris (implementation_id, pattern_uri) VALUES ('2778bd5b-4818-43b3-bdd9-226adbaab82d', 'patternLanguages/af7780d5-1f97-4536-8da7-4194b093ab1d/patterns/502147ec-45fa-403f-8f52-e196b3359399');

INSERT INTO public.pattern_uris (implementation_id, pattern_uri) VALUES ('b92d03a6-4023-49e6-95f5-889b66c0e8e3', 'patternLanguages/af7780d5-1f97-4536-8da7-4194b093ab1d/patterns/e595558d-bfea-4b82-9f47-a38a2097b245');
INSERT INTO public.pattern_uris (implementation_id, pattern_uri) VALUES ('7e171909-a31d-465e-a50d-f39e24112323', 'patternLanguages/af7780d5-1f97-4536-8da7-4194b093ab1d/patterns/fd2bb9f3-b04a-4645-a2d0-ffa4d986db83');
INSERT INTO public.pattern_uris (implementation_id, pattern_uri) VALUES ('c2f2b67f-0087-499b-94c9-9747df98999e', 'patternLanguages/af7780d5-1f97-4536-8da7-4194b093ab1d/patterns/37e64e06-9c2a-4c54-aa18-ddcf67f48a6a');
INSERT INTO public.pattern_uris (implementation_id, pattern_uri) VALUES ('41cbc632-5404-4320-a277-ae5913ffb0e8', 'patternLanguages/af7780d5-1f97-4536-8da7-4194b093ab1d/patterns/37e64e06-9c2a-4c54-aa18-ddcf67f48a6a');

-- Files for pattern solutions
INSERT INTO public.file (fileurl, mime_type, name, id) VALUES ('qaoa.json', 'application/json', 'qaoa.json', '93ca986a-6bab-4f9b-9c3e-0c22c991f042');
INSERT INTO public.file (fileurl, mime_type, name, id) VALUES ('basis-encoding.json', 'application/json', 'basis-encoding.json', '58e98546-6a3c-464a-b5d6-f19097ab8caf');
INSERT INTO public.file (fileurl, mime_type, name, id) VALUES ('matrix-encoding.json', 'application/json', 'matrix-encoding.json', '13347270-1e8f-432f-9930-1d43f3520b13');
INSERT INTO public.file (fileurl, mime_type, name, id) VALUES ('schmidt-decomposition.json', 'application/json', 'schmidt-decomposition.json', '097f2afb-b5e0-489c-bf8b-25aa435f1f17');
INSERT INTO public.file (fileurl, mime_type, name, id) VALUES ('amplitude-encoding.json', 'application/json', 'amplitude-encoding.json', 'c65cb7ab-51ee-4078-ad2b-d1aefa067ab4');
INSERT INTO public.file (fileurl, mime_type, name, id) VALUES ('angle-encoding.json', 'application/json', 'angle-encoding.json', 'd3a347ed-ba0e-4945-9b1e-50514c09ef57');
INSERT INTO public.file (fileurl, mime_type, name, id) VALUES ('swapTest.json', 'application/json', 'swapTest.json', 'f9d04d26-80f7-464c-95e1-9b87a738e8f0');
INSERT INTO public.file (fileurl, mime_type, name, id) VALUES ('quantum-clustering-qhana.json', 'application/json', 'quantum-clustering-qhana.json', '38238b94-61ee-41f3-8b19-bb63f178a5fe');
INSERT INTO public.file (fileurl, mime_type, name, id) VALUES ('quantum-classification-qhana.json', 'application/json', 'quantum-classification-qhana.json', '9fed54f5-edbd-49f6-a5fb-721a6e20d702');
INSERT INTO public.file (fileurl, mime_type, name, id) VALUES ('unified-execution-qhana.json', 'application/json', 'unified-execution-qhana.json', 'c46652b7-e626-4d3d-ac81-8a33d3207bb3');
INSERT INTO public.file (fileurl, mime_type, name, id) VALUES ('standalone-circuit-execution-qhana.json', 'application/json', 'standalone-circuit-execution-qhana.json', '297705dd-bbd1-40fb-b488-93a0a2479485');
INSERT INTO public.file (fileurl, mime_type, name, id) VALUES ('quantum-hardware-selection-qhana.json', 'application/json', 'quantum-hardware-selection-qhana.json', '38a07846-752f-47ec-90e5-274143586904');
INSERT INTO public.file (fileurl, mime_type, name, id) VALUES ('hybrid-module-qhana.json', 'application/json', 'hybrid-module-qhana.json', '71e50784-3c73-4a29-805c-b901cc2901a5');

INSERT INTO public.file (fileurl, mime_type, name, id) VALUES ('hadamard-test-real.json', 'application/json', 'hadamard-test-real.json', '3148c756-c9bd-487a-a7b4-365924ef7cb0');
INSERT INTO public.file (fileurl, mime_type, name, id) VALUES ('hadamard-test-imaginary.json', 'application/json', 'hadamard-test-imaginary.json', 'e75cd51f-baae-4ec8-ac91-0a86c962e6f9');

-- File data for pattern solutions
INSERT INTO public.file_data (id, data, file_id) VALUES ('749cae84-4b76-4b4f-949b-a761343c174d', '\x7b0a2020226d65746164617461223a207b0a202020202276657273696f6e223a2022312e302e30222c0a20202020226e616d65223a20224d79204d6f64656c222c0a20202020226465736372697074696f6e223a202251414f4120285175616e74756d20417070726f78696d617465204f7074696d697a6174696f6e20416c676f726974686d29206973206120687962726964207175616e74756d2d636c6173736963616c20616c676f726974686d20666f7220736f6c76696e6720636f6d62696e61746f7269616c206f7074696d697a6174696f6e2070726f626c656d732e2054686520616c676f726974686d207374617274732062792070757474696e6720616c6c2071756269747320696e746f206120756e69666f726d207375706572706f736974696f6e2e204974207468656e206170706c69657320616c7465726e6174696e67206c6179657273206f662074776f206f7065726174696f6e733a20612070726f626c656d20756e697461727920706172616d65746572697a65642062792067616d6d612c20776869636820656e636f64657320746865206f626a6563746976652066756e6374696f6e2c20616e642061206d6978696e6720756e697461727920706172616d65746572697a656420627920626574612c20776869636820737072656164732074686520616d706c6974756465732e205468657365206c617965727320617265207265706561746564206d756c7469706c652074696d65732c20616e642074686520706172616d6574657273206265746120616e642067616d6d6120617265206f7074696d697a656420636c6173736963616c6c7920746f206d6178696d697a65207468652070726f626162696c697479206f66206d6561737572696e67206120676f6f6420736f6c7574696f6e2e222c0a2020202022617574686f72223a2022222c0a2020202022636f6e7461696e73506c616365686f6c646572223a2066616c73652c0a20202020226964223a2022666c6f772d31373730353739333437343035222c0a202020202274696d657374616d70223a2022323032362d30322d30385431393a33353a34372e3430355a220a20207d2c0a2020226e6f646573223a205b0a202020207b0a202020202020226964223a202230666161636666342d373534632d343236662d386639622d386134353438393761373431222c0a2020202020202274797065223a202264617461547970654e6f6465222c0a20202020202022706f736974696f6e223a207b0a20202020202020202278223a202d3130352c0a20202020202020202279223a2031350a2020202020207d2c0a2020202020202264617461223a207b0a2020202020202020226c6162656c223a20224e756d626572222c0a202020202020202022696e70757473223a205b5d2c0a2020202020202020226368696c6472656e223a205b5d2c0a202020202020202022696d706c656d656e746174696f6e223a2022222c0a202020202020202022696d706c656d656e746174696f6e54797065223a2022222c0a202020202020202022756e636f6d70757465496d706c656d656e746174696f6e54797065223a2022222c0a202020202020202022756e636f6d70757465496d706c656d656e746174696f6e223a2022222c0a202020202020202022636f6d706c6574696f6e47756172616e74656564223a20747275652c0a202020202020202022636f6d706163744f7074696f6e73223a205b0a20202020202020202020747275652c0a2020202020202020202066616c73650a20202020202020205d2c0a2020202020202020226964656e74696669657273223a205b0a202020202020202020202271343438363235220a20202020202020205d2c0a2020202020202020226461746154797065223a20224e756d626572222c0a20202020202020202276616c7565223a2022222c0a2020202020202020226f75747075744964656e746966696572223a2022697465726174696f6e73222c0a202020202020202022696e7075745479706573223a205b5d2c0a2020202020202020226f75747075745479706573223a207b0a202020202020202020202230223a20224e756d626572220a20202020202020207d2c0a2020202020202020226f757470757473223a205b0a202020202020202020207b0a202020202020202020202020226964656e746966696572223a2022697465726174696f6e73222c0a2020202020202020202020202273697a65223a2022222c0a2020202020202020202020202274797065223a2022636c6173736963616c220a202020202020202020207d0a20202020202020205d0a2020202020207d2c0a202020202020227769647468223a203435302c0a20202020202022686569676874223a203237302c0a20202020202022706f736974696f6e4162736f6c757465223a207b0a20202020202020202278223a202d3130352c0a20202020202020202279223a2031350a2020202020207d2c0a202020202020226472616767696e67223a20747275650a202020207d2c0a202020207b0a202020202020226964223a202261313565613064342d313131652d346361342d393336382d303761333939346266636134222c0a2020202020202274797065223a202264617461547970654e6f6465222c0a20202020202022706f736974696f6e223a207b0a20202020202020202278223a202d3130352c0a20202020202020202279223a203336300a2020202020207d2c0a2020202020202264617461223a207b0a2020202020202020226c6162656c223a20224172726179222c0a202020202020202022696e70757473223a205b5d2c0a2020202020202020226368696c6472656e223a205b5d2c0a202020202020202022696d706c656d656e746174696f6e223a2022222c0a202020202020202022696d706c656d656e746174696f6e54797065223a2022222c0a202020202020202022756e636f6d70757465496d706c656d656e746174696f6e54797065223a2022222c0a202020202020202022756e636f6d70757465496d706c656d656e746174696f6e223a2022222c0a202020202020202022636f6d706c6574696f6e47756172616e74656564223a20747275652c0a202020202020202022636f6d706163744f7074696f6e73223a205b0a20202020202020202020747275652c0a2020202020202020202066616c73650a20202020202020205d2c0a2020202020202020226964656e74696669657273223a205b0a202020202020202020202271323330373339220a20202020202020205d2c0a2020202020202020226461746154797065223a20224172726179222c0a20202020202020202276616c7565223a2022222c0a2020202020202020226f75747075744964656e746966696572223a202262657461222c0a202020202020202022696e7075745479706573223a205b5d2c0a2020202020202020226f75747075745479706573223a207b0a202020202020202020202230223a20224172726179220a20202020202020207d2c0a2020202020202020226f757470757473223a205b0a202020202020202020207b0a202020202020202020202020226964656e746966696572223a202262657461222c0a2020202020202020202020202273697a65223a2022222c0a2020202020202020202020202274797065223a2022636c6173736963616c220a202020202020202020207d0a20202020202020205d0a2020202020207d2c0a202020202020227769647468223a203435302c0a20202020202022686569676874223a203237302c0a20202020202022706f736974696f6e4162736f6c757465223a207b0a20202020202020202278223a202d3130352c0a20202020202020202279223a203336300a2020202020207d2c0a202020202020226472616767696e67223a20747275650a202020207d2c0a202020207b0a202020202020226964223a202262643265333265302d623463662d343031612d623930662d373762613634323964386531222c0a2020202020202274797065223a202264617461547970654e6f6465222c0a20202020202022706f736974696f6e223a207b0a20202020202020202278223a202d3130352c0a20202020202020202279223a203732300a2020202020207d2c0a2020202020202264617461223a207b0a2020202020202020226c6162656c223a20224172726179222c0a202020202020202022696e70757473223a205b5d2c0a2020202020202020226368696c6472656e223a205b5d2c0a202020202020202022696d706c656d656e746174696f6e223a2022222c0a202020202020202022696d706c656d656e746174696f6e54797065223a2022222c0a202020202020202022756e636f6d70757465496d706c656d656e746174696f6e54797065223a2022222c0a202020202020202022756e636f6d70757465496d706c656d656e746174696f6e223a2022222c0a202020202020202022636f6d706c6574696f6e47756172616e74656564223a20747275652c0a202020202020202022636f6d706163744f7074696f6e73223a205b0a20202020202020202020747275652c0a2020202020202020202066616c73650a20202020202020205d2c0a2020202020202020226964656e74696669657273223a205b0a202020202020202020202271393132383432220a20202020202020205d2c0a2020202020202020226461746154797065223a20224172726179222c0a20202020202020202276616c7565223a2022222c0a2020202020202020226f75747075744964656e746966696572223a202267616d6d6120222c0a202020202020202022696e7075745479706573223a205b5d2c0a2020202020202020226f75747075745479706573223a207b0a202020202020202020202230223a20224172726179220a20202020202020207d2c0a2020202020202020226f757470757473223a205b0a202020202020202020207b0a202020202020202020202020226964656e746966696572223a202267616d6d6120222c0a2020202020202020202020202273697a65223a2022222c0a2020202020202020202020202274797065223a2022636c6173736963616c220a202020202020202020207d0a20202020202020205d0a2020202020207d2c0a202020202020227769647468223a203435302c0a20202020202022686569676874223a203237302c0a20202020202022706f736974696f6e4162736f6c757465223a207b0a20202020202020202278223a202d3130352c0a20202020202020202279223a203732300a2020202020207d2c0a202020202020226472616767696e67223a20747275650a202020207d2c0a202020207b0a202020202020226964223a202239633162306236622d623335342d346331372d383835362d646537663935343462643763222c0a2020202020202274797065223a2022636f6e74726f6c5374727563747572654e6f6465222c0a20202020202022706f736974696f6e223a207b0a20202020202020202278223a203639302c0a20202020202020202279223a202d31350a2020202020207d2c0a2020202020202264617461223a207b0a2020202020202020226c6162656c223a2022526570656174222c0a202020202020202022696e70757473223a205b0a202020202020202020207b0a202020202020202020202020226964223a202230666161636666342d373534632d343236662d386639622d386134353438393761373431222c0a20202020202020202020202022656467654964223a202232366632666630322d306430372d346230382d623535622d626334616361616534393963222c0a202020202020202020202020226f75747075744964656e746966696572223a2022697465726174696f6e73222c0a202020202020202020202020226964656e74696669657273223a205b0a20202020202020202020202020202271343438363235220a2020202020202020202020205d2c0a2020202020202020202020202274617267657448616e646c65223a2022636c6173736963616c48616e646c65496e707574496e697469616c697a6174696f6e39633162306236622d623335342d346331372d383835362d6465376639353434626437632d30220a202020202020202020207d2c0a202020202020202020207b0a202020202020202020202020226964223a202261313565613064342d313131652d346361342d393336382d303761333939346266636134222c0a20202020202020202020202022656467654964223a202262313635613936352d393865362d346263392d386637312d333536393839303034346132222c0a202020202020202020202020226f75747075744964656e746966696572223a202262657461222c0a202020202020202020202020226964656e74696669657273223a205b0a20202020202020202020202020202271323330373339220a2020202020202020202020205d2c0a2020202020202020202020202274617267657448616e646c65223a2022636c6173736963616c48616e646c65496e707574496e697469616c697a6174696f6e39633162306236622d623335342d346331372d383835362d6465376639353434626437632d31220a202020202020202020207d2c0a202020202020202020207b0a202020202020202020202020226964223a202262643265333265302d623463662d343031612d623930662d373762613634323964386531222c0a20202020202020202020202022656467654964223a202234343035313131662d616137352d346432382d386266312d356438383264353037306636222c0a202020202020202020202020226f75747075744964656e746966696572223a202267616d6d6120222c0a202020202020202020202020226964656e74696669657273223a205b0a20202020202020202020202020202271393132383432220a2020202020202020202020205d2c0a2020202020202020202020202274617267657448616e646c65223a2022636c6173736963616c48616e646c65496e707574496e697469616c697a6174696f6e39633162306236622d623335342d346331372d383835362d6465376639353434626437632d32220a202020202020202020207d2c0a202020202020202020207b0a202020202020202020202020226964223a202231373133633536632d376634362d346335322d626266612d303066636563353562643730222c0a20202020202020202020202022656467654964223a202239316537623366332d353665332d343333662d386264312d643739366662666235616565222c0a202020202020202020202020226f75747075744964656e746966696572223a202267616d6d61222c0a202020202020202020202020226964656e74696669657273223a205b0a20202020202020202020202020202271393132383432220a2020202020202020202020205d2c0a2020202020202020202020202274617267657448616e646c65223a2022636c6173736963616c48616e646c65496e70757444796e616d696339633162306236622d623335342d346331372d383835362d6465376639353434626437632d30220a202020202020202020207d0a20202020202020205d2c0a2020202020202020226368696c6472656e223a205b0a202020202020202020202234643631646335342d613239372d343637312d613839362d323234356239633036346164222c0a202020202020202020202262366265333366362d653931302d343661332d393761632d323962633134623535646436222c0a202020202020202020202231373133633536632d376634362d346335322d626266612d303066636563353562643730220a20202020202020205d2c0a202020202020202022696d706c656d656e746174696f6e223a2022222c0a202020202020202022696d706c656d656e746174696f6e54797065223a2022222c0a202020202020202022756e636f6d70757465496d706c656d656e746174696f6e54797065223a2022222c0a202020202020202022756e636f6d70757465496d706c656d656e746174696f6e223a2022222c0a202020202020202022636f6d706c6574696f6e47756172616e74656564223a2066616c73652c0a202020202020202022636f6d706163744f7074696f6e73223a205b0a20202020202020202020747275652c0a2020202020202020202066616c73650a20202020202020205d2c0a2020202020202020226964656e74696669657273223a205b0a202020202020202020202271393132383432220a20202020202020205d2c0a202020202020202022696e7075745479706573223a205b0a20202020202020202020224e756d626572220a20202020202020205d2c0a2020202020202020226f75747075745479706573223a205b5d2c0a2020202020202020226e756d626572436c6173736963616c496e70757473223a20332c0a202020202020202022636f6e646974696f6e223a2022697465726174696f6e73203c203230220a2020202020207d2c0a202020202020227769647468223a20313730302c0a20202020202022686569676874223a20313136302c0a20202020202022706f736974696f6e4162736f6c757465223a207b0a20202020202020202278223a203639302c0a20202020202020202279223a202d31350a2020202020207d2c0a202020202020226472616767696e67223a20747275650a202020207d2c0a202020207b0a202020202020226964223a202234643631646335342d613239372d343637312d613839362d323234356239633036346164222c0a2020202020202274797065223a2022616c676f726974686d4e6f6465222c0a20202020202022706f736974696f6e223a207b0a20202020202020202278223a203331352c0a20202020202020202279223a203538350a2020202020207d2c0a2020202020202264617461223a207b0a2020202020202020226c6162656c223a202251414f41204f70657261746f72222c0a202020202020202022696e70757473223a205b0a202020202020202020207b0a202020202020202020202020226964223a202239633162306236622d623335342d346331372d383835362d646537663935343462643763222c0a20202020202020202020202022656467654964223a202233616130663831662d386331652d346439302d383239632d653937303031666166633332222c0a202020202020202020202020226964656e74696669657273223a205b0a20202020202020202020202020202271393132383432220a2020202020202020202020205d2c0a2020202020202020202020202274617267657448616e646c65223a2022636c6173736963616c48616e646c654f7065726174696f6e496e7075743034643631646335342d613239372d343637312d613839362d323234356239633036346164220a202020202020202020207d2c0a202020202020202020207b0a202020202020202020202020226964223a202239633162306236622d623335342d346331372d383835362d646537663935343462643763222c0a20202020202020202020202022656467654964223a202233646464663030642d393537632d343233642d393832322d396565366363663133313837222c0a202020202020202020202020226964656e74696669657273223a205b0a20202020202020202020202020202271393132383432220a2020202020202020202020205d2c0a2020202020202020202020202274617267657448616e646c65223a2022636c6173736963616c48616e646c654f7065726174696f6e496e7075743134643631646335342d613239372d343637312d613839362d323234356239633036346164220a202020202020202020207d0a20202020202020205d2c0a2020202020202020226368696c6472656e223a205b0a202020202020202020202234643631646335342d613239372d343637312d613839362d323234356239633036346164222c0a202020202020202020202262366265333366362d653931302d343661332d393761632d323962633134623535646436222c0a202020202020202020202231373133633536632d376634362d346335322d626266612d303066636563353562643730220a20202020202020205d2c0a202020202020202022696d706c656d656e746174696f6e223a2022222c0a202020202020202022696d706c656d656e746174696f6e54797065223a2022222c0a202020202020202022756e636f6d70757465496d706c656d656e746174696f6e54797065223a2022222c0a202020202020202022756e636f6d70757465496d706c656d656e746174696f6e223a2022222c0a202020202020202022636f6d706c6574696f6e47756172616e74656564223a20747275652c0a202020202020202022636f6d706163744f7074696f6e73223a205b0a20202020202020202020747275652c0a2020202020202020202066616c73650a20202020202020205d2c0a2020202020202020226964656e74696669657273223a205b0a202020202020202020202271393132383432220a20202020202020205d2c0a202020202020202022696e7075745479706573223a205b0a2020202020202020202022616e79222c0a2020202020202020202022616e79220a20202020202020205d2c0a2020202020202020226f75747075745479706573223a207b0a202020202020202020202230223a20227175616e74756d207265676973746572220a20202020202020207d2c0a2020202020202020226e756d626572436c6173736963616c496e70757473223a20322c0a2020202020202020226e756d6265725175616e74756d4f757470757473223a20312c0a202020202020202022706f736974696f6e223a207b0a202020202020202020202278223a203333302c0a202020202020202020202279223a203631350a20202020202020207d2c0a20202020202020202273636f7065223a20226966222c0a2020202020202020226f757470757473223a205b0a202020202020202020207b0a202020202020202020202020226964656e746966696572223a202263697263756974222c0a2020202020202020202020202273697a65223a2022222c0a2020202020202020202020202274797065223a20227175616e74756d220a202020202020202020207d0a20202020202020205d2c0a2020202020202020226f75747075744964656e746966696572223a202263697263756974220a2020202020207d2c0a202020202020227769647468223a203332302c0a20202020202022686569676874223a203337332c0a20202020202022706f736974696f6e4162736f6c757465223a207b0a20202020202020202278223a20313030352c0a20202020202020202279223a203537300a2020202020207d2c0a202020202020226472616767696e67223a20747275652c0a20202020202022706172656e744e6f6465223a202239633162306236622d623335342d346331372d383835362d646537663935343462643763222c0a20202020202022657874656e74223a2022706172656e74220a202020207d2c0a202020207b0a202020202020226964223a202231373133633536632d376634362d346335322d626266612d303066636563353562643730222c0a2020202020202274797065223a2022636c6173736963616c416c676f726974686d4e6f6465222c0a20202020202022706f736974696f6e223a207b0a20202020202020202278223a20313135352c0a20202020202020202279223a203237300a2020202020207d2c0a2020202020202264617461223a207b0a2020202020202020226c6162656c223a20224f7074696d697a6572222c0a202020202020202022696e70757473223a205b0a202020202020202020207b0a202020202020202020202020226964223a202262366265333366362d653931302d343661332d393761632d323962633134623535646436222c0a20202020202020202020202022656467654964223a202262353366383537392d653639352d346362332d613462622d313162343930393863343539222c0a202020202020202020202020226f75747075744964656e746966696572223a20226d6561737572656d656e7473222c0a202020202020202020202020226964656e74696669657273223a205b0a20202020202020202020202020202271393132383432220a2020202020202020202020205d2c0a2020202020202020202020202274617267657448616e646c65223a2022636c6173736963616c48616e646c654f7065726174696f6e496e7075743031373133633536632d376634362d346335322d626266612d303066636563353562643730220a202020202020202020207d2c0a202020202020202020207b0a202020202020202020202020226964223a202239633162306236622d623335342d346331372d383835362d646537663935343462643763222c0a20202020202020202020202022656467654964223a202230353962363335622d343536342d343361312d393564332d313763333436316363633037222c0a202020202020202020202020226964656e74696669657273223a205b0a20202020202020202020202020202271393132383432220a2020202020202020202020205d2c0a2020202020202020202020202274617267657448616e646c65223a2022636c6173736963616c48616e646c654f7065726174696f6e496e7075743131373133633536632d376634362d346335322d626266612d303066636563353562643730220a202020202020202020207d2c0a202020202020202020207b0a202020202020202020202020226964223a202239633162306236622d623335342d346331372d383835362d646537663935343462643763222c0a20202020202020202020202022656467654964223a202239356537643031382d343238642d343034312d613832652d616533396334363163313866222c0a202020202020202020202020226964656e74696669657273223a205b0a20202020202020202020202020202271393132383432220a2020202020202020202020205d2c0a2020202020202020202020202274617267657448616e646c65223a2022636c6173736963616c48616e646c654f7065726174696f6e496e7075743231373133633536632d376634362d346335322d626266612d303066636563353562643730220a202020202020202020207d2c0a202020202020202020207b0a202020202020202020202020226964223a202239633162306236622d623335342d346331372d383835362d646537663935343462643763222c0a20202020202020202020202022656467654964223a202234633363636633352d653935372d346361332d613162662d373532623632613638356366222c0a202020202020202020202020226964656e74696669657273223a205b0a20202020202020202020202020202271393132383432220a2020202020202020202020205d2c0a2020202020202020202020202274617267657448616e646c65223a2022636c6173736963616c48616e646c654f7065726174696f6e496e7075743331373133633536632d376634362d346335322d626266612d303066636563353562643730220a202020202020202020207d0a20202020202020205d2c0a2020202020202020226368696c6472656e223a205b0a202020202020202020202234643631646335342d613239372d343637312d613839362d323234356239633036346164222c0a202020202020202020202262366265333366362d653931302d343661332d393761632d323962633134623535646436222c0a202020202020202020202231373133633536632d376634362d346335322d626266612d303066636563353562643730220a20202020202020205d2c0a202020202020202022696d706c656d656e746174696f6e223a2022222c0a202020202020202022696d706c656d656e746174696f6e54797065223a2022222c0a202020202020202022756e636f6d70757465496d706c656d656e746174696f6e54797065223a2022222c0a202020202020202022756e636f6d70757465496d706c656d656e746174696f6e223a2022222c0a202020202020202022636f6d706c6574696f6e47756172616e74656564223a20747275652c0a202020202020202022636f6d706163744f7074696f6e73223a205b0a20202020202020202020747275652c0a2020202020202020202066616c73650a20202020202020205d2c0a2020202020202020226964656e74696669657273223a205b0a202020202020202020202271393132383432220a20202020202020205d2c0a202020202020202022696e7075745479706573223a205b0a20202020202020202020226172726179222c0a2020202020202020202022616e79222c0a2020202020202020202022616e79222c0a2020202020202020202022616e79220a20202020202020205d2c0a2020202020202020226f75747075745479706573223a207b0a202020202020202020202230223a2022616e79222c0a202020202020202020202231223a2022616e79220a20202020202020207d2c0a2020202020202020226e756d626572436c6173736963616c496e70757473223a20342c0a2020202020202020226e756d626572436c6173736963616c4f757470757473223a20322c0a2020202020202020226f757470757473223a205b0a202020202020202020207b0a202020202020202020202020226964656e746966696572223a20226265746120222c0a2020202020202020202020202273697a65223a2022222c0a2020202020202020202020202274797065223a2022636c6173736963616c220a202020202020202020207d2c0a202020202020202020207b0a202020202020202020202020226964656e746966696572223a202267616d6d61222c0a2020202020202020202020202273697a65223a2022222c0a2020202020202020202020202274797065223a2022636c6173736963616c220a202020202020202020207d0a20202020202020205d2c0a2020202020202020226f75747075744964656e746966696572223a20226265746120222c0a202020202020202022706f736974696f6e223a207b0a202020202020202020202278223a20313234352c0a202020202020202020202279223a203237300a20202020202020207d2c0a20202020202020202273636f7065223a20226966220a2020202020207d2c0a202020202020227769647468223a203332302c0a20202020202022686569676874223a203734302c0a20202020202022706f736974696f6e4162736f6c757465223a207b0a20202020202020202278223a20313834352c0a20202020202020202279223a203235350a2020202020207d2c0a202020202020226472616767696e67223a20747275652c0a20202020202022706172656e744e6f6465223a202239633162306236622d623335342d346331372d383835362d646537663935343462643763222c0a20202020202022657874656e74223a2022706172656e74220a202020207d2c0a202020207b0a202020202020226964223a202262366265333366362d653931302d343661332d393761632d323962633134623535646436222c0a2020202020202274797065223a20226d6561737572656d656e744e6f6465222c0a20202020202022706f736974696f6e223a207b0a20202020202020202278223a203732302c0a20202020202020202279223a203532350a2020202020207d2c0a2020202020202264617461223a207b0a2020202020202020226c6162656c223a20224d6561737572656d656e74222c0a202020202020202022696e70757473223a205b0a202020202020202020207b0a202020202020202020202020226964223a202234643631646335342d613239372d343637312d613839362d323234356239633036346164222c0a20202020202020202020202022656467654964223a202231636631323138322d363237372d346163302d383764372d626261346462333338356632222c0a202020202020202020202020226f75747075744964656e746966696572223a202263697263756974222c0a202020202020202020202020226964656e74696669657273223a205b0a20202020202020202020202020202271393132383432220a2020202020202020202020205d2c0a2020202020202020202020202274617267657448616e646c65223a20227175616e74756d48616e646c654d6561737572656d656e74496e7075743062366265333366362d653931302d343661332d393761632d323962633134623535646436220a202020202020202020207d0a20202020202020205d2c0a2020202020202020226368696c6472656e223a205b0a202020202020202020202234643631646335342d613239372d343637312d613839362d323234356239633036346164222c0a202020202020202020202262366265333366362d653931302d343661332d393761632d323962633134623535646436222c0a202020202020202020202231373133633536632d376634362d346335322d626266612d303066636563353562643730220a20202020202020205d2c0a202020202020202022696d706c656d656e746174696f6e223a2022222c0a202020202020202022696d706c656d656e746174696f6e54797065223a2022222c0a202020202020202022756e636f6d70757465496d706c656d656e746174696f6e54797065223a2022222c0a202020202020202022756e636f6d70757465496d706c656d656e746174696f6e223a2022222c0a202020202020202022636f6d706c6574696f6e47756172616e74656564223a20747275652c0a202020202020202022636f6d706163744f7074696f6e73223a205b0a20202020202020202020747275652c0a2020202020202020202066616c73650a20202020202020205d2c0a2020202020202020226964656e74696669657273223a205b0a202020202020202020202271393132383432220a20202020202020205d2c0a202020202020202022696e6469636573223a2022222c0a2020202020202020226f75747075744964656e746966696572223a20226d6561737572656d656e7473222c0a202020202020202022696e7075745479706573223a205b0a20202020202020202020227175616e74756d207265676973746572220a20202020202020205d2c0a2020202020202020226f75747075745479706573223a205b0a20202020202020202020226172726179222c0a20202020202020202020227175616e74756d207265676973746572220a20202020202020205d2c0a202020202020202022706f736974696f6e223a207b0a202020202020202020202278223a203730352c0a202020202020202020202279223a203639300a20202020202020207d2c0a20202020202020202273636f7065223a20226966222c0a2020202020202020226f757470757473223a205b0a202020202020202020207b0a202020202020202020202020226964656e746966696572223a20226d6561737572656d656e7473222c0a2020202020202020202020202273697a65223a2022222c0a2020202020202020202020202274797065223a2022636c6173736963616c220a202020202020202020207d0a20202020202020205d0a2020202020207d2c0a202020202020227769647468223a203332302c0a20202020202022686569676874223a203434302c0a20202020202022706f736974696f6e4162736f6c757465223a207b0a20202020202020202278223a20313431302c0a20202020202020202279223a203531300a2020202020207d2c0a202020202020226472616767696e67223a20747275652c0a20202020202022706172656e744e6f6465223a202239633162306236622d623335342d346331372d383835362d646537663935343462643763222c0a20202020202022657874656e74223a2022706172656e74220a202020207d0a20205d2c0a2020226564676573223a205b0a202020207b0a20202020202022736f75726365223a202231373133633536632d376634362d346335322d626266612d303066636563353562643730222c0a20202020202022736f7572636548616e646c65223a2022636c6173736963616c48616e646c65636c6173736963616c416c676f726974686d4e6f64654f75747075743131373133633536632d376634362d346335322d626266612d303066636563353562643730222c0a20202020202022746172676574223a202239633162306236622d623335342d346331372d383835362d646537663935343462643763222c0a2020202020202274617267657448616e646c65223a2022636c6173736963616c48616e646c65496e70757444796e616d696339633162306236622d623335342d346331372d383835362d6465376639353434626437632d31222c0a2020202020202274797065223a2022636c6173736963616c45646765222c0a202020202020226964223a202233666337346637662d376130382d346164352d616434652d376565623335666364376638222c0a202020202020226d61726b6572456e64223a207b0a20202020202020202274797065223a20226172726f77636c6f736564222c0a2020202020202020227769647468223a2032302c0a202020202020202022686569676874223a2032302c0a202020202020202022636f6c6f72223a202223463541383433222c0a20202020202020202268696464656e223a2066616c73650a2020202020207d0a202020207d2c0a202020207b0a20202020202022736f75726365223a202231373133633536632d376634362d346335322d626266612d303066636563353562643730222c0a20202020202022736f7572636548616e646c65223a2022636c6173736963616c48616e646c65636c6173736963616c416c676f726974686d4e6f64654f75747075743031373133633536632d376634362d346335322d626266612d303066636563353562643730222c0a20202020202022746172676574223a202239633162306236622d623335342d346331372d383835362d646537663935343462643763222c0a2020202020202274617267657448616e646c65223a2022636c6173736963616c48616e646c65496e70757444796e616d696339633162306236622d623335342d346331372d383835362d6465376639353434626437632d30222c0a2020202020202274797065223a2022636c6173736963616c45646765222c0a202020202020226964223a202239316537623366332d353665332d343333662d386264312d643739366662666235616565222c0a202020202020226d61726b6572456e64223a207b0a20202020202020202274797065223a20226172726f77636c6f736564222c0a2020202020202020227769647468223a2032302c0a202020202020202022686569676874223a2032302c0a202020202020202022636f6c6f72223a202223463541383433222c0a20202020202020202268696464656e223a2066616c73650a2020202020207d0a202020207d2c0a202020207b0a20202020202022736f75726365223a202239633162306236622d623335342d346331372d383835362d646537663935343462643763222c0a20202020202022736f7572636548616e646c65223a2022636c6173736963616c48616e646c654f7574707574496e697469616c697a6174696f6e39633162306236622d623335342d346331372d383835362d6465376639353434626437632d32222c0a20202020202022746172676574223a202231373133633536632d376634362d346335322d626266612d303066636563353562643730222c0a2020202020202274617267657448616e646c65223a2022636c6173736963616c48616e646c654f7065726174696f6e496e7075743331373133633536632d376634362d346335322d626266612d303066636563353562643730222c0a2020202020202274797065223a2022636c6173736963616c45646765222c0a202020202020226964223a202234633363636633352d653935372d346361332d613162662d373532623632613638356366222c0a202020202020226d61726b6572456e64223a207b0a20202020202020202274797065223a20226172726f77636c6f736564222c0a2020202020202020227769647468223a2032302c0a202020202020202022686569676874223a2032302c0a202020202020202022636f6c6f72223a202223463541383433222c0a20202020202020202268696464656e223a2066616c73650a2020202020207d0a202020207d2c0a202020207b0a20202020202022736f75726365223a202239633162306236622d623335342d346331372d383835362d646537663935343462643763222c0a20202020202022736f7572636548616e646c65223a2022636c6173736963616c48616e646c654f7574707574496e697469616c697a6174696f6e39633162306236622d623335342d346331372d383835362d6465376639353434626437632d31222c0a20202020202022746172676574223a202231373133633536632d376634362d346335322d626266612d303066636563353562643730222c0a2020202020202274617267657448616e646c65223a2022636c6173736963616c48616e646c654f7065726174696f6e496e7075743231373133633536632d376634362d346335322d626266612d303066636563353562643730222c0a2020202020202274797065223a2022636c6173736963616c45646765222c0a202020202020226964223a202239356537643031382d343238642d343034312d613832652d616533396334363163313866222c0a202020202020226d61726b6572456e64223a207b0a20202020202020202274797065223a20226172726f77636c6f736564222c0a2020202020202020227769647468223a2032302c0a202020202020202022686569676874223a2032302c0a202020202020202022636f6c6f72223a202223463541383433222c0a20202020202020202268696464656e223a2066616c73650a2020202020207d0a202020207d2c0a202020207b0a20202020202022736f75726365223a202239633162306236622d623335342d346331372d383835362d646537663935343462643763222c0a20202020202022736f7572636548616e646c65223a2022636c6173736963616c48616e646c654f7574707574496e697469616c697a6174696f6e39633162306236622d623335342d346331372d383835362d6465376639353434626437632d30222c0a20202020202022746172676574223a202231373133633536632d376634362d346335322d626266612d303066636563353562643730222c0a2020202020202274617267657448616e646c65223a2022636c6173736963616c48616e646c654f7065726174696f6e496e7075743131373133633536632d376634362d346335322d626266612d303066636563353562643730222c0a2020202020202274797065223a2022636c6173736963616c45646765222c0a202020202020226964223a202230353962363335622d343536342d343361312d393564332d313763333436316363633037222c0a202020202020226d61726b6572456e64223a207b0a20202020202020202274797065223a20226172726f77636c6f736564222c0a2020202020202020227769647468223a2032302c0a202020202020202022686569676874223a2032302c0a202020202020202022636f6c6f72223a202223463541383433222c0a20202020202020202268696464656e223a2066616c73650a2020202020207d0a202020207d2c0a202020207b0a20202020202022736f75726365223a202262366265333366362d653931302d343661332d393761632d323962633134623535646436222c0a20202020202022736f7572636548616e646c65223a2022636c6173736963616c48616e646c656d6561737572656d656e744e6f64654f75747075743062366265333366362d653931302d343661332d393761632d323962633134623535646436222c0a20202020202022746172676574223a202231373133633536632d376634362d346335322d626266612d303066636563353562643730222c0a2020202020202274617267657448616e646c65223a2022636c6173736963616c48616e646c654f7065726174696f6e496e7075743031373133633536632d376634362d346335322d626266612d303066636563353562643730222c0a2020202020202274797065223a2022636c6173736963616c45646765222c0a202020202020226964223a202262353366383537392d653639352d346362332d613462622d313162343930393863343539222c0a202020202020226d61726b6572456e64223a207b0a20202020202020202274797065223a20226172726f77636c6f736564222c0a2020202020202020227769647468223a2032302c0a202020202020202022686569676874223a2032302c0a202020202020202022636f6c6f72223a202223463541383433222c0a20202020202020202268696464656e223a2066616c73650a2020202020207d0a202020207d2c0a202020207b0a20202020202022736f75726365223a202234643631646335342d613239372d343637312d613839362d323234356239633036346164222c0a20202020202022736f7572636548616e646c65223a20227175616e74756d48616e646c65616c676f726974686d4e6f64654f75747075743034643631646335342d613239372d343637312d613839362d323234356239633036346164222c0a20202020202022746172676574223a202262366265333366362d653931302d343661332d393761632d323962633134623535646436222c0a2020202020202274617267657448616e646c65223a20227175616e74756d48616e646c654d6561737572656d656e74496e7075743062366265333366362d653931302d343661332d393761632d323962633134623535646436222c0a2020202020202274797065223a20227175616e74756d45646765222c0a202020202020226964223a202231636631323138322d363237372d346163302d383764372d626261346462333338356632222c0a202020202020226d61726b6572456e64223a207b0a20202020202020202274797065223a20226172726f77636c6f736564222c0a2020202020202020227769647468223a2032302c0a202020202020202022686569676874223a2032302c0a202020202020202022636f6c6f72223a202223393343354644222c0a20202020202020202268696464656e223a2066616c73650a2020202020207d0a202020207d2c0a202020207b0a20202020202022736f75726365223a202239633162306236622d623335342d346331372d383835362d646537663935343462643763222c0a20202020202022736f7572636548616e646c65223a2022636c6173736963616c48616e646c654f7574707574496e697469616c697a6174696f6e39633162306236622d623335342d346331372d383835362d6465376639353434626437632d32222c0a20202020202022746172676574223a202234643631646335342d613239372d343637312d613839362d323234356239633036346164222c0a2020202020202274617267657448616e646c65223a2022636c6173736963616c48616e646c654f7065726174696f6e496e7075743134643631646335342d613239372d343637312d613839362d323234356239633036346164222c0a2020202020202274797065223a2022636c6173736963616c45646765222c0a202020202020226964223a202233646464663030642d393537632d343233642d393832322d396565366363663133313837222c0a202020202020226d61726b6572456e64223a207b0a20202020202020202274797065223a20226172726f77636c6f736564222c0a2020202020202020227769647468223a2032302c0a202020202020202022686569676874223a2032302c0a202020202020202022636f6c6f72223a202223463541383433222c0a20202020202020202268696464656e223a2066616c73650a2020202020207d0a202020207d2c0a202020207b0a20202020202022736f75726365223a202239633162306236622d623335342d346331372d383835362d646537663935343462643763222c0a20202020202022736f7572636548616e646c65223a2022636c6173736963616c48616e646c654f7574707574496e697469616c697a6174696f6e39633162306236622d623335342d346331372d383835362d6465376639353434626437632d31222c0a20202020202022746172676574223a202234643631646335342d613239372d343637312d613839362d323234356239633036346164222c0a2020202020202274617267657448616e646c65223a2022636c6173736963616c48616e646c654f7065726174696f6e496e7075743034643631646335342d613239372d343637312d613839362d323234356239633036346164222c0a2020202020202274797065223a2022636c6173736963616c45646765222c0a202020202020226964223a202233616130663831662d386331652d346439302d383239632d653937303031666166633332222c0a202020202020226d61726b6572456e64223a207b0a20202020202020202274797065223a20226172726f77636c6f736564222c0a2020202020202020227769647468223a2032302c0a202020202020202022686569676874223a2032302c0a202020202020202022636f6c6f72223a202223463541383433222c0a20202020202020202268696464656e223a2066616c73650a2020202020207d0a202020207d2c0a202020207b0a20202020202022736f75726365223a202262643265333265302d623463662d343031612d623930662d373762613634323964386531222c0a20202020202022736f7572636548616e646c65223a2022636c6173736963616c48616e646c6544617461547970654f75747075743062643265333265302d623463662d343031612d623930662d373762613634323964386531222c0a20202020202022746172676574223a202239633162306236622d623335342d346331372d383835362d646537663935343462643763222c0a2020202020202274617267657448616e646c65223a2022636c6173736963616c48616e646c65496e707574496e697469616c697a6174696f6e39633162306236622d623335342d346331372d383835362d6465376639353434626437632d32222c0a2020202020202274797065223a2022636c6173736963616c45646765222c0a202020202020226964223a202234343035313131662d616137352d346432382d386266312d356438383264353037306636222c0a202020202020226d61726b6572456e64223a207b0a20202020202020202274797065223a20226172726f77636c6f736564222c0a2020202020202020227769647468223a2032302c0a202020202020202022686569676874223a2032302c0a202020202020202022636f6c6f72223a202223463541383433222c0a20202020202020202268696464656e223a2066616c73650a2020202020207d0a202020207d2c0a202020207b0a20202020202022736f75726365223a202261313565613064342d313131652d346361342d393336382d303761333939346266636134222c0a20202020202022736f7572636548616e646c65223a2022636c6173736963616c48616e646c6544617461547970654f75747075743061313565613064342d313131652d346361342d393336382d303761333939346266636134222c0a20202020202022746172676574223a202239633162306236622d623335342d346331372d383835362d646537663935343462643763222c0a2020202020202274617267657448616e646c65223a2022636c6173736963616c48616e646c65496e707574496e697469616c697a6174696f6e39633162306236622d623335342d346331372d383835362d6465376639353434626437632d31222c0a2020202020202274797065223a2022636c6173736963616c45646765222c0a202020202020226964223a202262313635613936352d393865362d346263392d386637312d333536393839303034346132222c0a202020202020226d61726b6572456e64223a207b0a20202020202020202274797065223a20226172726f77636c6f736564222c0a2020202020202020227769647468223a2032302c0a202020202020202022686569676874223a2032302c0a202020202020202022636f6c6f72223a202223463541383433222c0a20202020202020202268696464656e223a2066616c73650a2020202020207d0a202020207d2c0a202020207b0a20202020202022736f75726365223a202230666161636666342d373534632d343236662d386639622d386134353438393761373431222c0a20202020202022736f7572636548616e646c65223a2022636c6173736963616c48616e646c6544617461547970654f75747075743030666161636666342d373534632d343236662d386639622d386134353438393761373431222c0a20202020202022746172676574223a202239633162306236622d623335342d346331372d383835362d646537663935343462643763222c0a2020202020202274617267657448616e646c65223a2022636c6173736963616c48616e646c65496e707574496e697469616c697a6174696f6e39633162306236622d623335342d346331372d383835362d6465376639353434626437632d30222c0a2020202020202274797065223a2022636c6173736963616c45646765222c0a202020202020226964223a202232366632666630322d306430372d346230382d623535622d626334616361616534393963222c0a202020202020226d61726b6572456e64223a207b0a20202020202020202274797065223a20226172726f77636c6f736564222c0a2020202020202020227769647468223a2032302c0a202020202020202022686569676874223a2032302c0a202020202020202022636f6c6f72223a202223463541383433222c0a20202020202020202268696464656e223a2066616c73650a2020202020207d0a202020207d0a20205d2c0a20202276696577706f7274223a207b0a202020202278223a203232372e39393336383038353336373630372c0a202020202279223a203136342e353936363434363639313234312c0a20202020227a6f6f6d223a20302e353334343131393337383230363732360a20207d0a7d', '93ca986a-6bab-4f9b-9c3e-0c22c991f042');
INSERT INTO public.file_data (id, data, file_id) VALUES ('9748870c-38df-4db4-98dc-22c09d526efb', '\x7b0a2020226d65746164617461223a207b0a202020202276657273696f6e223a2022312e302e30222c0a20202020226e616d65223a20224d79204d6f64656c222c0a20202020226465736372697074696f6e223a2022546869732069732061206d6f64656c2e222c0a2020202022617574686f72223a2022222c0a2020202022636f6e7461696e73506c616365686f6c646572223a2066616c73652c0a20202020226964223a2022666c6f772d31373730353737373139393932222c0a202020202274696d657374616d70223a2022323032362d30322d30385431393a30383a33392e3939325a220a20207d2c0a2020226e6f646573223a205b0a202020207b0a202020202020226964223a202237346563396233302d386361332d346561322d383535342d313538636237373163366239222c0a2020202020202274797065223a202264617461547970654e6f6465222c0a20202020202022706f736974696f6e223a207b0a20202020202020202278223a203132302c0a20202020202020202279223a203235350a2020202020207d2c0a2020202020202264617461223a207b0a2020202020202020226c6162656c223a20224e756d626572222c0a202020202020202022696e70757473223a205b5d2c0a2020202020202020226368696c6472656e223a205b5d2c0a202020202020202022696d706c656d656e746174696f6e223a2022222c0a202020202020202022696d706c656d656e746174696f6e54797065223a2022222c0a202020202020202022756e636f6d70757465496d706c656d656e746174696f6e54797065223a2022222c0a202020202020202022756e636f6d70757465496d706c656d656e746174696f6e223a2022222c0a202020202020202022636f6d706c6574696f6e47756172616e74656564223a20747275652c0a202020202020202022636f6d706163744f7074696f6e73223a205b0a20202020202020202020747275652c0a2020202020202020202066616c73650a20202020202020205d2c0a2020202020202020226964656e74696669657273223a205b0a202020202020202020202271333936353238220a20202020202020205d2c0a2020202020202020226461746154797065223a20224e756d626572222c0a20202020202020202276616c7565223a2022222c0a2020202020202020226f75747075744964656e746966696572223a2022222c0a202020202020202022696e7075745479706573223a205b5d2c0a2020202020202020226f75747075745479706573223a207b0a202020202020202020202230223a20224e756d626572220a20202020202020207d0a2020202020207d2c0a202020202020227769647468223a203435302c0a20202020202022686569676874223a203237302c0a20202020202022706f736974696f6e4162736f6c757465223a207b0a20202020202020202278223a203132302c0a20202020202020202279223a203235350a2020202020207d2c0a202020202020226472616767696e67223a20747275650a202020207d2c0a202020207b0a202020202020226964223a202239363263363336312d643465312d343537372d623937342d356265366239366539623538222c0a2020202020202274797065223a202273746174655072657061726174696f6e4e6f6465222c0a20202020202022706f736974696f6e223a207b0a20202020202020202278223a203733352c0a20202020202020202279223a203238350a2020202020207d2c0a2020202020202264617461223a207b0a2020202020202020226c6162656c223a2022426173697320456e636f64696e67222c0a202020202020202022696e70757473223a205b0a202020202020202020207b0a202020202020202020202020226964223a202237346563396233302d386361332d346561322d383535342d313538636237373163366239222c0a20202020202020202020202022656467654964223a202264626333633062322d343330632d343534632d613031352d353532396338653133653465222c0a202020202020202020202020226f75747075744964656e746966696572223a2022222c0a2020202020202020202020202274617267657448616e646c65223a2022636c6173736963616c48616e646c6553746174655072657061726174696f6e496e7075743039363263363336312d643465312d343537372d623937342d356265366239366539623538222c0a202020202020202020202020226964656e74696669657273223a205b0a20202020202020202020202020202271333936353238220a2020202020202020202020205d0a202020202020202020207d2c0a202020202020202020207b0a202020202020202020202020226964223a202237346563396233302d386361332d346561322d383535342d313538636237373163366239222c0a20202020202020202020202022656467654964223a202264626333633062322d343330632d343534632d613031352d353532396338653133653465222c0a202020202020202020202020226f75747075744964656e746966696572223a2022222c0a202020202020202020202020226964656e74696669657273223a205b0a20202020202020202020202020202271333936353238220a2020202020202020202020205d2c0a2020202020202020202020202274617267657448616e646c65223a2022636c6173736963616c48616e646c6553746174655072657061726174696f6e496e7075743039363263363336312d643465312d343537372d623937342d356265366239366539623538220a202020202020202020207d0a20202020202020205d2c0a2020202020202020226368696c6472656e223a205b5d2c0a202020202020202022696d706c656d656e746174696f6e223a2022222c0a202020202020202022696d706c656d656e746174696f6e54797065223a2022222c0a202020202020202022756e636f6d70757465496d706c656d656e746174696f6e54797065223a2022222c0a202020202020202022756e636f6d70757465496d706c656d656e746174696f6e223a2022222c0a202020202020202022636f6d706c6574696f6e47756172616e74656564223a20747275652c0a202020202020202022636f6d706163744f7074696f6e73223a205b0a2020202020202020202066616c73650a20202020202020205d2c0a2020202020202020226964656e74696669657273223a205b0a202020202020202020202271333936353238220a20202020202020205d2c0a202020202020202022696e7075745479706573223a205b0a20202020202020202020224e756d626572220a20202020202020205d2c0a2020202020202020226f75747075745479706573223a205b0a20202020202020202020227175616e74756d207265676973746572220a20202020202020205d2c0a202020202020202022656e636f64696e6754797065223a2022426173697320456e636f64696e67220a2020202020207d2c0a202020202020227769647468223a203332302c0a20202020202022686569676874223a203337332c0a20202020202022706f736974696f6e4162736f6c757465223a207b0a20202020202020202278223a203733352c0a20202020202020202279223a203238350a2020202020207d2c0a202020202020226472616767696e67223a20747275650a202020207d0a20205d2c0a2020226564676573223a205b0a202020207b0a20202020202022736f75726365223a202237346563396233302d386361332d346561322d383535342d313538636237373163366239222c0a20202020202022736f7572636548616e646c65223a2022636c6173736963616c48616e646c6544617461547970654f75747075743037346563396233302d386361332d346561322d383535342d313538636237373163366239222c0a20202020202022746172676574223a202239363263363336312d643465312d343537372d623937342d356265366239366539623538222c0a2020202020202274617267657448616e646c65223a2022636c6173736963616c48616e646c6553746174655072657061726174696f6e496e7075743039363263363336312d643465312d343537372d623937342d356265366239366539623538222c0a2020202020202274797065223a2022636c6173736963616c45646765222c0a202020202020226964223a202264626333633062322d343330632d343534632d613031352d353532396338653133653465222c0a202020202020226d61726b6572456e64223a207b0a20202020202020202274797065223a20226172726f77636c6f736564222c0a2020202020202020227769647468223a2032302c0a202020202020202022686569676874223a2032302c0a202020202020202022636f6c6f72223a202223463541383433222c0a20202020202020202268696464656e223a2066616c73650a2020202020207d0a202020207d0a20205d2c0a20202276696577706f7274223a207b0a202020202278223a202d35352e32343732333534363332303538312c0a202020202279223a202d31332e3838363630383031343836313637392c0a20202020227a6f6f6d223a20302e373439323439313539313031393236360a20207d0a7d', '58e98546-6a3c-464a-b5d6-f19097ab8caf');
INSERT INTO public.file_data (id, data, file_id) VALUES ('eab00fa2-f084-4a10-ad32-d36787ff94f6', '\x7b0a2020226d65746164617461223a207b0a202020202276657273696f6e223a2022312e302e30222c0a20202020226e616d65223a20224d79204d6f64656c222c0a20202020226465736372697074696f6e223a2022546869732069732061206d6f64656c2e222c0a2020202022617574686f72223a2022222c0a2020202022636f6e7461696e73506c616365686f6c646572223a2066616c73652c0a20202020226964223a2022666c6f772d31373732303230353733353339222c0a202020202274696d657374616d70223a2022323032362d30322d32355431313a35363a31332e3533395a220a20207d2c0a2020226e6f646573223a205b0a202020207b0a202020202020226964223a202238356431383766342d616234382d343236632d613937632d643836633362616131323062222c0a2020202020202274797065223a202273746174655072657061726174696f6e4e6f6465222c0a20202020202022706f736974696f6e223a207b0a20202020202020202278223a203636302c0a20202020202020202279223a203135300a2020202020207d2c0a2020202020202264617461223a207b0a2020202020202020226c6162656c223a20224d617472697820456e636f64696e67222c0a202020202020202022696e70757473223a205b0a202020202020202020207b0a202020202020202020202020226964223a202230323239643334362d366264332d346437652d613363352d356563343935366661626633222c0a20202020202020202020202022656467654964223a202266656462303736312d303766642d343037662d623461612d366138633838353865336333222c0a202020202020202020202020226f75747075744964656e746966696572223a2022222c0a2020202020202020202020202274617267657448616e646c65223a2022636c6173736963616c48616e646c6553746174655072657061726174696f6e496e7075743038356431383766342d616234382d343236632d613937632d643836633362616131323062222c0a202020202020202020202020226964656e74696669657273223a205b0a20202020202020202020202020202271343330303239220a2020202020202020202020205d0a202020202020202020207d2c0a202020202020202020207b0a202020202020202020202020226964223a202230323239643334362d366264332d346437652d613363352d356563343935366661626633222c0a20202020202020202020202022656467654964223a202266656462303736312d303766642d343037662d623461612d366138633838353865336333222c0a202020202020202020202020226f75747075744964656e746966696572223a2022222c0a202020202020202020202020226964656e74696669657273223a205b0a20202020202020202020202020202271343330303239220a2020202020202020202020205d2c0a2020202020202020202020202274617267657448616e646c65223a2022636c6173736963616c48616e646c6553746174655072657061726174696f6e496e7075743038356431383766342d616234382d343236632d613937632d643836633362616131323062220a202020202020202020207d0a20202020202020205d2c0a2020202020202020226368696c6472656e223a205b5d2c0a202020202020202022696d706c656d656e746174696f6e223a2022222c0a202020202020202022696d706c656d656e746174696f6e54797065223a2022222c0a202020202020202022756e636f6d70757465496d706c656d656e746174696f6e54797065223a2022222c0a202020202020202022756e636f6d70757465496d706c656d656e746174696f6e223a2022222c0a202020202020202022636f6d706c6574696f6e47756172616e74656564223a2066616c73652c0a202020202020202022636f6d706163744f7074696f6e73223a205b0a2020202020202020202066616c73650a20202020202020205d2c0a2020202020202020226964656e74696669657273223a205b0a202020202020202020202271343330303239220a20202020202020205d2c0a202020202020202022696e7075745479706573223a205b0a20202020202020202020226172726179220a20202020202020205d2c0a2020202020202020226f75747075745479706573223a205b0a20202020202020202020227175616e74756d207265676973746572220a20202020202020205d2c0a202020202020202022656e636f64696e6754797065223a20224d617472697820456e636f64696e67220a2020202020207d2c0a202020202020227769647468223a203332302c0a20202020202022686569676874223a203337332c0a20202020202022706f736974696f6e4162736f6c757465223a207b0a20202020202020202278223a203636302c0a20202020202020202279223a203135300a2020202020207d2c0a202020202020226472616767696e67223a20747275650a202020207d2c0a202020207b0a202020202020226964223a202230323239643334362d366264332d346437652d613363352d356563343935366661626633222c0a2020202020202274797065223a202264617461547970654e6f6465222c0a20202020202022706f736974696f6e223a207b0a20202020202020202278223a2037352c0a20202020202020202279223a203136350a2020202020207d2c0a2020202020202264617461223a207b0a2020202020202020226c6162656c223a20224172726179222c0a202020202020202022696e70757473223a205b5d2c0a2020202020202020226368696c6472656e223a205b5d2c0a202020202020202022696d706c656d656e746174696f6e223a2022222c0a202020202020202022696d706c656d656e746174696f6e54797065223a2022222c0a202020202020202022756e636f6d70757465496d706c656d656e746174696f6e54797065223a2022222c0a202020202020202022756e636f6d70757465496d706c656d656e746174696f6e223a2022222c0a202020202020202022636f6d706c6574696f6e47756172616e74656564223a20747275652c0a202020202020202022636f6d706163744f7074696f6e73223a205b0a20202020202020202020747275652c0a2020202020202020202066616c73650a20202020202020205d2c0a2020202020202020226964656e74696669657273223a205b0a202020202020202020202271343330303239220a20202020202020205d2c0a2020202020202020226461746154797065223a20224172726179222c0a20202020202020202276616c7565223a2022222c0a2020202020202020226f75747075744964656e746966696572223a2022222c0a202020202020202022696e7075745479706573223a205b5d2c0a2020202020202020226f75747075745479706573223a207b0a202020202020202020202230223a20224172726179220a20202020202020207d0a2020202020207d2c0a202020202020227769647468223a203435302c0a20202020202022686569676874223a203237302c0a20202020202022706f736974696f6e4162736f6c757465223a207b0a20202020202020202278223a2037352c0a20202020202020202279223a203136350a2020202020207d2c0a202020202020226472616767696e67223a20747275650a202020207d0a20205d2c0a2020226564676573223a205b0a202020207b0a20202020202022736f75726365223a202230323239643334362d366264332d346437652d613363352d356563343935366661626633222c0a20202020202022736f7572636548616e646c65223a2022636c6173736963616c48616e646c6544617461547970654f75747075743030323239643334362d366264332d346437652d613363352d356563343935366661626633222c0a20202020202022746172676574223a202238356431383766342d616234382d343236632d613937632d643836633362616131323062222c0a2020202020202274617267657448616e646c65223a2022636c6173736963616c48616e646c6553746174655072657061726174696f6e496e7075743038356431383766342d616234382d343236632d613937632d643836633362616131323062222c0a2020202020202274797065223a2022636c6173736963616c45646765222c0a202020202020226964223a202266656462303736312d303766642d343037662d623461612d366138633838353865336333222c0a202020202020226d61726b6572456e64223a207b0a20202020202020202274797065223a20226172726f77636c6f736564222c0a2020202020202020227769647468223a2032302c0a202020202020202022686569676874223a2032302c0a202020202020202022636f6c6f72223a202223463541383433222c0a20202020202020202268696464656e223a2066616c73650a2020202020207d0a202020207d0a20205d2c0a20202276696577706f7274223a207b0a202020202278223a202d3131322e36303131343031343032383033362c0a202020202279223a2039332e35333238363032303634343436312c0a20202020227a6f6f6d223a20302e373336333738333032323934363139310a20207d0a7d', '13347270-1e8f-432f-9930-1d43f3520b13');
INSERT INTO public.file_data (id, data, file_id) VALUES ('333fc8d3-bb8f-4706-b2ea-71b935434227', '\x7b0a2020226d65746164617461223a207b0a202020202276657273696f6e223a2022312e302e30222c0a20202020226e616d65223a20224d79204d6f64656c222c0a20202020226465736372697074696f6e223a2022546869732069732061206d6f64656c2e222c0a2020202022617574686f72223a2022222c0a2020202022636f6e7461696e73506c616365686f6c646572223a2066616c73652c0a20202020226964223a2022666c6f772d31373730353831353436333832222c0a202020202274696d657374616d70223a2022323032362d30322d30385432303a31323a32362e3338325a220a20207d2c0a2020226e6f646573223a205b0a202020207b0a202020202020226964223a202236623732333731342d643333662d343637362d383739352d396365366639313235663464222c0a2020202020202274797065223a202273746174655072657061726174696f6e4e6f6465222c0a20202020202022706f736974696f6e223a207b0a20202020202020202278223a203631352c0a20202020202020202279223a203235350a2020202020207d2c0a2020202020202264617461223a207b0a2020202020202020226c6162656c223a20225363686d696474204465636f6d706f736974696f6e222c0a202020202020202022696e70757473223a205b0a202020202020202020207b0a202020202020202020202020226964223a202266346233366636302d326330392d343361372d383733622d616537383862366566653161222c0a20202020202020202020202022656467654964223a202233643433623734362d653564342d343336632d386361332d316130643032616334346138222c0a202020202020202020202020226f75747075744964656e746966696572223a2022222c0a2020202020202020202020202274617267657448616e646c65223a2022636c6173736963616c48616e646c6553746174655072657061726174696f6e496e7075743036623732333731342d643333662d343637362d383739352d396365366639313235663464222c0a202020202020202020202020226964656e74696669657273223a205b0a20202020202020202020202020202271383538343631220a2020202020202020202020205d0a202020202020202020207d2c0a202020202020202020207b0a202020202020202020202020226964223a202266346233366636302d326330392d343361372d383733622d616537383862366566653161222c0a20202020202020202020202022656467654964223a202233643433623734362d653564342d343336632d386361332d316130643032616334346138222c0a202020202020202020202020226f75747075744964656e746966696572223a2022222c0a202020202020202020202020226964656e74696669657273223a205b0a20202020202020202020202020202271383538343631220a2020202020202020202020205d2c0a2020202020202020202020202274617267657448616e646c65223a2022636c6173736963616c48616e646c6553746174655072657061726174696f6e496e7075743036623732333731342d643333662d343637362d383739352d396365366639313235663464220a202020202020202020207d0a20202020202020205d2c0a2020202020202020226368696c6472656e223a205b5d2c0a202020202020202022696d706c656d656e746174696f6e223a2022222c0a202020202020202022696d706c656d656e746174696f6e54797065223a2022222c0a202020202020202022756e636f6d70757465496d706c656d656e746174696f6e54797065223a2022222c0a202020202020202022756e636f6d70757465496d706c656d656e746174696f6e223a2022222c0a202020202020202022636f6d706c6574696f6e47756172616e74656564223a2066616c73652c0a202020202020202022636f6d706163744f7074696f6e73223a205b0a2020202020202020202066616c73650a20202020202020205d2c0a2020202020202020226964656e74696669657273223a205b0a202020202020202020202271383538343631220a20202020202020205d2c0a202020202020202022696e7075745479706573223a205b0a20202020202020202020226172726179220a20202020202020205d2c0a2020202020202020226f75747075745479706573223a205b0a20202020202020202020227175616e74756d207265676973746572220a20202020202020205d2c0a202020202020202022656e636f64696e6754797065223a20225363686d696474204465636f6d706f736974696f6e220a2020202020207d2c0a202020202020227769647468223a203332302c0a20202020202022686569676874223a203337332c0a20202020202022706f736974696f6e4162736f6c757465223a207b0a20202020202020202278223a203631352c0a20202020202020202279223a203235350a2020202020207d2c0a202020202020226472616767696e67223a20747275650a202020207d2c0a202020207b0a202020202020226964223a202266346233366636302d326330392d343361372d383733622d616537383862366566653161222c0a2020202020202274797065223a202264617461547970654e6f6465222c0a20202020202022706f736974696f6e223a207b0a20202020202020202278223a2034352c0a20202020202020202279223a203237300a2020202020207d2c0a2020202020202264617461223a207b0a2020202020202020226c6162656c223a20224172726179222c0a202020202020202022696e70757473223a205b5d2c0a2020202020202020226368696c6472656e223a205b5d2c0a202020202020202022696d706c656d656e746174696f6e223a2022222c0a202020202020202022696d706c656d656e746174696f6e54797065223a2022222c0a202020202020202022756e636f6d70757465496d706c656d656e746174696f6e54797065223a2022222c0a202020202020202022756e636f6d70757465496d706c656d656e746174696f6e223a2022222c0a202020202020202022636f6d706c6574696f6e47756172616e74656564223a20747275652c0a202020202020202022636f6d706163744f7074696f6e73223a205b0a20202020202020202020747275652c0a2020202020202020202066616c73650a20202020202020205d2c0a2020202020202020226964656e74696669657273223a205b0a202020202020202020202271383538343631220a20202020202020205d2c0a2020202020202020226461746154797065223a20224172726179222c0a20202020202020202276616c7565223a2022222c0a2020202020202020226f75747075744964656e746966696572223a2022222c0a202020202020202022696e7075745479706573223a205b5d2c0a2020202020202020226f75747075745479706573223a207b0a202020202020202020202230223a20224172726179220a20202020202020207d0a2020202020207d2c0a202020202020227769647468223a203435302c0a20202020202022686569676874223a203237302c0a20202020202022706f736974696f6e4162736f6c757465223a207b0a20202020202020202278223a2034352c0a20202020202020202279223a203237300a2020202020207d2c0a202020202020226472616767696e67223a20747275650a202020207d0a20205d2c0a2020226564676573223a205b0a202020207b0a20202020202022736f75726365223a202266346233366636302d326330392d343361372d383733622d616537383862366566653161222c0a20202020202022736f7572636548616e646c65223a2022636c6173736963616c48616e646c6544617461547970654f75747075743066346233366636302d326330392d343361372d383733622d616537383862366566653161222c0a20202020202022746172676574223a202236623732333731342d643333662d343637362d383739352d396365366639313235663464222c0a2020202020202274617267657448616e646c65223a2022636c6173736963616c48616e646c6553746174655072657061726174696f6e496e7075743036623732333731342d643333662d343637362d383739352d396365366639313235663464222c0a2020202020202274797065223a2022636c6173736963616c45646765222c0a202020202020226964223a202233643433623734362d653564342d343336632d386361332d316130643032616334346138222c0a202020202020226d61726b6572456e64223a207b0a20202020202020202274797065223a20226172726f77636c6f736564222c0a2020202020202020227769647468223a2032302c0a202020202020202022686569676874223a2032302c0a202020202020202022636f6c6f72223a202223463541383433222c0a20202020202020202268696464656e223a2066616c73650a2020202020207d0a202020207d0a20205d2c0a20202276696577706f7274223a207b0a202020202278223a202d3134312e33373939393236373537383132342c0a202020202279223a202d33322e352c0a20202020227a6f6f6d223a20310a20207d0a7d', '097f2afb-b5e0-489c-bf8b-25aa435f1f17');
INSERT INTO public.file_data (id, data, file_id) VALUES ('7e4176b3-9a53-40ef-b395-9df0e6d49a76', '\x7b0a2020226d65746164617461223a207b0a202020202276657273696f6e223a2022312e302e30222c0a20202020226e616d65223a20224d79204d6f64656c222c0a20202020226465736372697074696f6e223a2022546869732069732061206d6f64656c2e222c0a2020202022617574686f72223a2022222c0a2020202022636f6e7461696e73506c616365686f6c646572223a2066616c73652c0a20202020226964223a2022666c6f772d31373730353737323636333937222c0a202020202274696d657374616d70223a2022323032362d30322d30385431393a30313a30362e3339375a220a20207d2c0a2020226e6f646573223a205b0a202020207b0a202020202020226964223a202232393464353263382d306331352d343737642d613163642d376566626461646532613362222c0a2020202020202274797065223a202273746174655072657061726174696f6e4e6f6465222c0a20202020202022706f736974696f6e223a207b0a20202020202020202278223a203736352c0a20202020202020202279223a203135300a2020202020207d2c0a2020202020202264617461223a207b0a2020202020202020226c6162656c223a2022416d706c697475646520456e636f64696e67222c0a202020202020202022696e70757473223a205b0a202020202020202020207b0a202020202020202020202020226964223a202239663835616136612d333931392d346162322d383935652d333035316634376562336365222c0a20202020202020202020202022656467654964223a202234396439383330372d363763362d346664322d626431302d633937633932373163643935222c0a202020202020202020202020226f75747075744964656e746966696572223a2022222c0a2020202020202020202020202274617267657448616e646c65223a2022636c6173736963616c48616e646c6553746174655072657061726174696f6e496e7075743032393464353263382d306331352d343737642d613163642d376566626461646532613362222c0a202020202020202020202020226964656e74696669657273223a205b0a20202020202020202020202020202271323435383930220a2020202020202020202020205d0a202020202020202020207d2c0a202020202020202020207b0a202020202020202020202020226964223a202239663835616136612d333931392d346162322d383935652d333035316634376562336365222c0a20202020202020202020202022656467654964223a202234396439383330372d363763362d346664322d626431302d633937633932373163643935222c0a202020202020202020202020226f75747075744964656e746966696572223a2022222c0a202020202020202020202020226964656e74696669657273223a205b0a20202020202020202020202020202271323435383930220a2020202020202020202020205d2c0a2020202020202020202020202274617267657448616e646c65223a2022636c6173736963616c48616e646c6553746174655072657061726174696f6e496e7075743032393464353263382d306331352d343737642d613163642d376566626461646532613362220a202020202020202020207d0a20202020202020205d2c0a2020202020202020226368696c6472656e223a205b5d2c0a202020202020202022696d706c656d656e746174696f6e223a2022222c0a202020202020202022696d706c656d656e746174696f6e54797065223a2022222c0a202020202020202022756e636f6d70757465496d706c656d656e746174696f6e54797065223a2022222c0a202020202020202022756e636f6d70757465496d706c656d656e746174696f6e223a2022222c0a202020202020202022636f6d706c6574696f6e47756172616e74656564223a2066616c73652c0a202020202020202022636f6d706163744f7074696f6e73223a205b0a2020202020202020202066616c73650a20202020202020205d2c0a2020202020202020226964656e74696669657273223a205b0a202020202020202020202271323435383930220a20202020202020205d2c0a202020202020202022696e7075745479706573223a205b0a20202020202020202020226172726179220a20202020202020205d2c0a2020202020202020226f75747075745479706573223a205b0a20202020202020202020227175616e74756d207265676973746572220a20202020202020205d2c0a202020202020202022656e636f64696e6754797065223a2022416d706c697475646520456e636f64696e67220a2020202020207d2c0a202020202020227769647468223a203332302c0a20202020202022686569676874223a203337332c0a20202020202022706f736974696f6e4162736f6c757465223a207b0a20202020202020202278223a203736352c0a20202020202020202279223a203135300a2020202020207d2c0a202020202020226472616767696e67223a20747275650a202020207d2c0a202020207b0a202020202020226964223a202239663835616136612d333931392d346162322d383935652d333035316634376562336365222c0a2020202020202274797065223a202264617461547970654e6f6465222c0a20202020202022706f736974696f6e223a207b0a20202020202020202278223a203234302c0a20202020202020202279223a203133350a2020202020207d2c0a2020202020202264617461223a207b0a2020202020202020226c6162656c223a20224172726179222c0a202020202020202022696e70757473223a205b5d2c0a2020202020202020226368696c6472656e223a205b5d2c0a202020202020202022696d706c656d656e746174696f6e223a2022222c0a202020202020202022696d706c656d656e746174696f6e54797065223a2022222c0a202020202020202022756e636f6d70757465496d706c656d656e746174696f6e54797065223a2022222c0a202020202020202022756e636f6d70757465496d706c656d656e746174696f6e223a2022222c0a202020202020202022636f6d706c6574696f6e47756172616e74656564223a20747275652c0a202020202020202022636f6d706163744f7074696f6e73223a205b0a20202020202020202020747275652c0a2020202020202020202066616c73650a20202020202020205d2c0a2020202020202020226964656e74696669657273223a205b0a202020202020202020202271323435383930220a20202020202020205d2c0a2020202020202020226461746154797065223a20224172726179222c0a20202020202020202276616c7565223a2022222c0a2020202020202020226f75747075744964656e746966696572223a2022222c0a202020202020202022696e7075745479706573223a205b5d2c0a2020202020202020226f75747075745479706573223a207b0a202020202020202020202230223a20224172726179220a20202020202020207d0a2020202020207d2c0a202020202020227769647468223a203435302c0a20202020202022686569676874223a203237302c0a20202020202022706f736974696f6e4162736f6c757465223a207b0a20202020202020202278223a203234302c0a20202020202020202279223a203133350a2020202020207d2c0a202020202020226472616767696e67223a20747275650a202020207d0a20205d2c0a2020226564676573223a205b0a202020207b0a20202020202022736f75726365223a202239663835616136612d333931392d346162322d383935652d333035316634376562336365222c0a20202020202022736f7572636548616e646c65223a2022636c6173736963616c48616e646c6544617461547970654f75747075743039663835616136612d333931392d346162322d383935652d333035316634376562336365222c0a20202020202022746172676574223a202232393464353263382d306331352d343737642d613163642d376566626461646532613362222c0a2020202020202274617267657448616e646c65223a2022636c6173736963616c48616e646c6553746174655072657061726174696f6e496e7075743032393464353263382d306331352d343737642d613163642d376566626461646532613362222c0a2020202020202274797065223a2022636c6173736963616c45646765222c0a202020202020226964223a202234396439383330372d363763362d346664322d626431302d633937633932373163643935222c0a202020202020226d61726b6572456e64223a207b0a20202020202020202274797065223a20226172726f77636c6f736564222c0a2020202020202020227769647468223a2032302c0a202020202020202022686569676874223a2032302c0a202020202020202022636f6c6f72223a202223463541383433222c0a20202020202020202268696464656e223a2066616c73650a2020202020207d0a202020207d0a20205d2c0a20202276696577706f7274223a207b0a202020202278223a202d3133342e31393534343437333932353035352c0a202020202279223a203131312e39313934353039383230333031332c0a20202020227a6f6f6d223a20302e383131363831363131303035303739360a20207d0a7d', 'c65cb7ab-51ee-4078-ad2b-d1aefa067ab4');
INSERT INTO public.file_data (id, data, file_id) VALUES ('797d386e-3883-4ad3-b2eb-74b743533263', '\x7b0a2020226d65746164617461223a207b0a202020202276657273696f6e223a2022312e302e30222c0a20202020226e616d65223a20224d79204d6f64656c222c0a20202020226465736372697074696f6e223a2022546869732069732061206d6f64656c2e222c0a2020202022617574686f72223a2022222c0a2020202022636f6e7461696e73506c616365686f6c646572223a2066616c73652c0a20202020226964223a2022666c6f772d31373730353737363731303939222c0a202020202274696d657374616d70223a2022323032362d30322d30385431393a30373a35312e3039395a220a20207d2c0a2020226e6f646573223a205b0a202020207b0a202020202020226964223a202236333533356465642d623566302d343863382d383466632d353733316662396366393735222c0a2020202020202274797065223a202273746174655072657061726174696f6e4e6f6465222c0a20202020202022706f736974696f6e223a207b0a20202020202020202278223a203738302c0a20202020202020202279223a203331350a2020202020207d2c0a2020202020202264617461223a207b0a2020202020202020226c6162656c223a2022416e676c6520456e636f64696e67222c0a202020202020202022696e70757473223a205b0a202020202020202020207b0a202020202020202020202020226964223a202238306634653136352d663464352d346338632d383036342d383232363633313031646361222c0a20202020202020202020202022656467654964223a202265633634333263612d643166312d343836612d396536622d353935366534636135356664222c0a202020202020202020202020226f75747075744964656e746966696572223a2022222c0a2020202020202020202020202274617267657448616e646c65223a2022636c6173736963616c48616e646c6553746174655072657061726174696f6e496e7075743036333533356465642d623566302d343863382d383466632d353733316662396366393735222c0a202020202020202020202020226964656e74696669657273223a205b0a20202020202020202020202020202271343337383034220a2020202020202020202020205d0a202020202020202020207d2c0a202020202020202020207b0a202020202020202020202020226964223a202238306634653136352d663464352d346338632d383036342d383232363633313031646361222c0a20202020202020202020202022656467654964223a202265633634333263612d643166312d343836612d396536622d353935366534636135356664222c0a202020202020202020202020226f75747075744964656e746966696572223a2022222c0a202020202020202020202020226964656e74696669657273223a205b0a20202020202020202020202020202271343337383034220a2020202020202020202020205d2c0a2020202020202020202020202274617267657448616e646c65223a2022636c6173736963616c48616e646c6553746174655072657061726174696f6e496e7075743036333533356465642d623566302d343863382d383466632d353733316662396366393735220a202020202020202020207d0a20202020202020205d2c0a2020202020202020226368696c6472656e223a205b5d2c0a202020202020202022696d706c656d656e746174696f6e223a2022222c0a202020202020202022696d706c656d656e746174696f6e54797065223a2022222c0a202020202020202022756e636f6d70757465496d706c656d656e746174696f6e54797065223a2022222c0a202020202020202022756e636f6d70757465496d706c656d656e746174696f6e223a2022222c0a202020202020202022636f6d706c6574696f6e47756172616e74656564223a2066616c73652c0a202020202020202022636f6d706163744f7074696f6e73223a205b0a2020202020202020202066616c73650a20202020202020205d2c0a2020202020202020226964656e74696669657273223a205b0a202020202020202020202271343337383034220a20202020202020205d2c0a202020202020202022696e7075745479706573223a205b0a20202020202020202020226172726179220a20202020202020205d2c0a2020202020202020226f75747075745479706573223a205b0a20202020202020202020227175616e74756d207265676973746572220a20202020202020205d2c0a202020202020202022656e636f64696e6754797065223a2022416e676c6520456e636f64696e67220a2020202020207d2c0a202020202020227769647468223a203332302c0a20202020202022686569676874223a203337332c0a20202020202022706f736974696f6e4162736f6c757465223a207b0a20202020202020202278223a203738302c0a20202020202020202279223a203331350a2020202020207d2c0a202020202020226472616767696e67223a20747275650a202020207d2c0a202020207b0a202020202020226964223a202238306634653136352d663464352d346338632d383036342d383232363633313031646361222c0a2020202020202274797065223a202264617461547970654e6f6465222c0a20202020202022706f736974696f6e223a207b0a20202020202020202278223a203138302c0a20202020202020202279223a203331350a2020202020207d2c0a2020202020202264617461223a207b0a2020202020202020226c6162656c223a20224172726179222c0a202020202020202022696e70757473223a205b5d2c0a2020202020202020226368696c6472656e223a205b5d2c0a202020202020202022696d706c656d656e746174696f6e223a2022222c0a202020202020202022696d706c656d656e746174696f6e54797065223a2022222c0a202020202020202022756e636f6d70757465496d706c656d656e746174696f6e54797065223a2022222c0a202020202020202022756e636f6d70757465496d706c656d656e746174696f6e223a2022222c0a202020202020202022636f6d706c6574696f6e47756172616e74656564223a20747275652c0a202020202020202022636f6d706163744f7074696f6e73223a205b0a20202020202020202020747275652c0a2020202020202020202066616c73650a20202020202020205d2c0a2020202020202020226964656e74696669657273223a205b0a202020202020202020202271343337383034220a20202020202020205d2c0a2020202020202020226461746154797065223a20224172726179222c0a20202020202020202276616c7565223a2022222c0a2020202020202020226f75747075744964656e746966696572223a2022222c0a202020202020202022696e7075745479706573223a205b5d2c0a2020202020202020226f75747075745479706573223a207b0a202020202020202020202230223a20224172726179220a20202020202020207d0a2020202020207d2c0a202020202020227769647468223a203435302c0a20202020202022686569676874223a203237302c0a20202020202022706f736974696f6e4162736f6c757465223a207b0a20202020202020202278223a203138302c0a20202020202020202279223a203331350a2020202020207d2c0a202020202020226472616767696e67223a20747275650a202020207d0a20205d2c0a2020226564676573223a205b0a202020207b0a20202020202022736f75726365223a202238306634653136352d663464352d346338632d383036342d383232363633313031646361222c0a20202020202022736f7572636548616e646c65223a2022636c6173736963616c48616e646c6544617461547970654f75747075743038306634653136352d663464352d346338632d383036342d383232363633313031646361222c0a20202020202022746172676574223a202236333533356465642d623566302d343863382d383466632d353733316662396366393735222c0a2020202020202274617267657448616e646c65223a2022636c6173736963616c48616e646c6553746174655072657061726174696f6e496e7075743036333533356465642d623566302d343863382d383466632d353733316662396366393735222c0a2020202020202274797065223a2022636c6173736963616c45646765222c0a202020202020226964223a202265633634333263612d643166312d343836612d396536622d353935366534636135356664222c0a202020202020226d61726b6572456e64223a207b0a20202020202020202274797065223a20226172726f77636c6f736564222c0a2020202020202020227769647468223a2032302c0a202020202020202022686569676874223a2032302c0a202020202020202022636f6c6f72223a202223463541383433222c0a20202020202020202268696464656e223a2066616c73650a2020202020207d0a202020207d0a20205d2c0a20202276696577706f7274223a207b0a202020202278223a202d35352e32343732333534363332303538312c0a202020202279223a202d31332e3838363630383031343836313637392c0a20202020227a6f6f6d223a20302e373439323439313539313031393236360a20207d0a7d', 'd3a347ed-ba0e-4945-9b1e-50514c09ef57');
INSERT INTO public.file_data (id, data, file_id) VALUES ('2b5e06fc-eb5c-4da3-a137-53b361695e8a', '\x7b0a2020226d65746164617461223a207b0a202020202276657273696f6e223a2022312e302e30222c0a20202020226e616d65223a20224d79204d6f64656c222c0a20202020226465736372697074696f6e223a2022546869732069732061206d6f64656c2e222c0a2020202022617574686f72223a2022222c0a2020202022636f6e7461696e73506c616365686f6c646572223a2066616c73652c0a20202020226964223a2022666c6f772d31373730353737393537383936222c0a202020202274696d657374616d70223a2022323032362d30322d30385431393a31323a33372e3839365a220a20207d2c0a2020226e6f646573223a205b0a202020207b0a202020202020226964223a202231326137323533612d363731332d343737342d623864652d366231316666663763623434222c0a2020202020202274797065223a2022676174654e6f6465222c0a20202020202022706f736974696f6e223a207b0a20202020202020202278223a203134302c0a20202020202020202279223a203231350a2020202020207d2c0a2020202020202264617461223a207b0a2020202020202020226c6162656c223a202251756269742043697263756974222c0a202020202020202022696e70757473223a205b5d2c0a2020202020202020226368696c6472656e223a205b5d2c0a202020202020202022696d706c656d656e746174696f6e223a2022222c0a202020202020202022696d706c656d656e746174696f6e54797065223a2022222c0a202020202020202022756e636f6d70757465496d706c656d656e746174696f6e54797065223a2022222c0a202020202020202022756e636f6d70757465496d706c656d656e746174696f6e223a2022222c0a202020202020202022636f6d706c6574696f6e47756172616e74656564223a20747275652c0a202020202020202022636f6d706163744f7074696f6e73223a205b0a20202020202020202020747275652c0a2020202020202020202066616c73650a20202020202020205d2c0a2020202020202020226964656e74696669657273223a205b0a202020202020202020202271343434353131220a20202020202020205d2c0a202020202020202022696e7075745479706573223a205b5d2c0a2020202020202020226f75747075745479706573223a205b5d2c0a202020202020202022706172616d65746572223a202230220a2020202020207d2c0a202020202020227769647468223a203131302c0a20202020202022686569676874223a203131302c0a20202020202022706f736974696f6e4162736f6c757465223a207b0a20202020202020202278223a203134302c0a20202020202020202279223a203231350a2020202020207d0a202020207d2c0a202020207b0a202020202020226964223a202237323938366330622d333261632d343332382d626636642d376462636264323735363362222c0a2020202020202274797065223a2022676174654e6f6465222c0a20202020202022706f736974696f6e223a207b0a20202020202020202278223a203338302c0a20202020202020202279223a203231350a2020202020207d2c0a2020202020202264617461223a207b0a2020202020202020226c6162656c223a202248222c0a202020202020202022696e70757473223a205b0a202020202020202020207b0a20202020202020202020202022656467654964223a202235333232643761322d353662322d346632322d626330312d386464316437633932336630222c0a202020202020202020202020226964656e74696669657273223a205b0a20202020202020202020202020202271343434353131220a2020202020202020202020205d2c0a2020202020202020202020202274617267657448616e646c65223a20227175616e74756d48616e646c6547617465496e7075743037323938366330622d333261632d343332382d626636642d376462636264323735363362220a202020202020202020207d0a20202020202020205d2c0a2020202020202020226368696c6472656e223a205b5d2c0a202020202020202022696d706c656d656e746174696f6e223a2022222c0a202020202020202022696d706c656d656e746174696f6e54797065223a2022222c0a202020202020202022756e636f6d70757465496d706c656d656e746174696f6e54797065223a2022222c0a202020202020202022756e636f6d70757465496d706c656d656e746174696f6e223a2022222c0a202020202020202022636f6d706c6574696f6e47756172616e74656564223a20747275652c0a202020202020202022636f6d706163744f7074696f6e73223a205b0a20202020202020202020747275652c0a2020202020202020202066616c73650a20202020202020205d2c0a2020202020202020226964656e74696669657273223a205b0a202020202020202020202271343434353131220a20202020202020205d2c0a202020202020202022696e7075745479706573223a205b0a2020202020202020202022616e79220a20202020202020205d2c0a2020202020202020226f75747075745479706573223a205b5d2c0a202020202020202022706172616d65746572223a202230220a2020202020207d2c0a202020202020227769647468223a203131302c0a20202020202022686569676874223a203131302c0a20202020202022706f736974696f6e4162736f6c757465223a207b0a20202020202020202278223a203338302c0a20202020202020202279223a203231350a2020202020207d2c0a202020202020226472616767696e67223a20747275650a202020207d2c0a202020207b0a202020202020226964223a202233653766313033342d393136662d343030642d616664382d353833313539666161383362222c0a2020202020202274797065223a2022676174654e6f6465222c0a20202020202022706f736974696f6e223a207b0a20202020202020202278223a203834352c0a20202020202020202279223a203231350a2020202020207d2c0a2020202020202264617461223a207b0a2020202020202020226c6162656c223a202248222c0a202020202020202022696e70757473223a205b0a202020202020202020207b0a20202020202020202020202022656467654964223a202262396133323561352d663039342d343635362d396162392d376336386663356164643862222c0a202020202020202020202020226964656e74696669657273223a205b0a20202020202020202020202020202271343434353131220a2020202020202020202020205d2c0a2020202020202020202020202274617267657448616e646c65223a20227175616e74756d48616e646c6547617465496e7075743033653766313033342d393136662d343030642d616664382d353833313539666161383362220a202020202020202020207d0a20202020202020205d2c0a2020202020202020226368696c6472656e223a205b5d2c0a202020202020202022696d706c656d656e746174696f6e223a2022222c0a202020202020202022696d706c656d656e746174696f6e54797065223a2022222c0a202020202020202022756e636f6d70757465496d706c656d656e746174696f6e54797065223a2022222c0a202020202020202022756e636f6d70757465496d706c656d656e746174696f6e223a2022222c0a202020202020202022636f6d706c6574696f6e47756172616e74656564223a20747275652c0a202020202020202022636f6d706163744f7074696f6e73223a205b0a20202020202020202020747275652c0a2020202020202020202066616c73650a20202020202020205d2c0a2020202020202020226964656e74696669657273223a205b0a202020202020202020202271343434353131220a20202020202020205d2c0a202020202020202022696e7075745479706573223a205b0a2020202020202020202022616e79220a20202020202020205d2c0a2020202020202020226f75747075745479706573223a205b5d2c0a202020202020202022706172616d65746572223a202230220a2020202020207d2c0a202020202020227769647468223a203131302c0a20202020202022686569676874223a203131302c0a20202020202022706f736974696f6e4162736f6c757465223a207b0a20202020202020202278223a203834352c0a20202020202020202279223a203231350a2020202020207d0a202020207d2c0a202020207b0a202020202020226964223a202263346466633862652d613638652d343634612d393039392d303734346338623766633133222c0a2020202020202274797065223a20226d6561737572656d656e744e6f6465222c0a20202020202022706f736974696f6e223a207b0a20202020202020202278223a20313230352c0a20202020202020202279223a203233300a2020202020207d2c0a2020202020202264617461223a207b0a2020202020202020226c6162656c223a20224d6561737572656d656e74222c0a202020202020202022696e70757473223a205b0a202020202020202020207b0a20202020202020202020202022656467654964223a202232343234363534342d366337332d346663352d386564372d363363363230366330313162222c0a202020202020202020202020226964656e74696669657273223a205b0a20202020202020202020202020202271343434353131220a2020202020202020202020205d2c0a2020202020202020202020202274617267657448616e646c65223a20227175616e74756d48616e646c654d6561737572656d656e74496e7075743063346466633862652d613638652d343634612d393039392d303734346338623766633133220a202020202020202020207d0a20202020202020205d2c0a2020202020202020226368696c6472656e223a205b5d2c0a202020202020202022696d706c656d656e746174696f6e223a2022222c0a202020202020202022696d706c656d656e746174696f6e54797065223a2022222c0a202020202020202022756e636f6d70757465496d706c656d656e746174696f6e54797065223a2022222c0a202020202020202022756e636f6d70757465496d706c656d656e746174696f6e223a2022222c0a202020202020202022636f6d706c6574696f6e47756172616e74656564223a20747275652c0a202020202020202022636f6d706163744f7074696f6e73223a205b0a20202020202020202020747275652c0a2020202020202020202066616c73650a20202020202020205d2c0a2020202020202020226964656e74696669657273223a205b0a202020202020202020202271343434353131220a20202020202020205d2c0a202020202020202022696e6469636573223a2022222c0a2020202020202020226f75747075744964656e746966696572223a2022222c0a202020202020202022696e7075745479706573223a205b0a20202020202020202020227175616e74756d207265676973746572220a20202020202020205d2c0a2020202020202020226f75747075745479706573223a205b0a20202020202020202020226172726179222c0a20202020202020202020227175616e74756d207265676973746572220a20202020202020205d0a2020202020207d2c0a202020202020227769647468223a203332302c0a20202020202022686569676874223a203434302c0a20202020202022706f736974696f6e4162736f6c757465223a207b0a20202020202020202278223a20313230352c0a20202020202020202279223a203233300a2020202020207d2c0a202020202020226472616767696e67223a20747275650a202020207d2c0a202020207b0a202020202020226964223a202263613232613563652d653964352d343430632d613261652d396464623836623365633963222c0a2020202020202274797065223a202273746174655072657061726174696f6e4e6f6465222c0a20202020202022706f736974696f6e223a207b0a20202020202020202278223a202d32352c0a20202020202020202279223a203435350a2020202020207d2c0a2020202020202264617461223a207b0a2020202020202020226c6162656c223a202250726570617265205374617465222c0a202020202020202022696e70757473223a205b5d2c0a2020202020202020226368696c6472656e223a205b5d2c0a202020202020202022696d706c656d656e746174696f6e223a2022222c0a202020202020202022696d706c656d656e746174696f6e54797065223a2022222c0a202020202020202022756e636f6d70757465496d706c656d656e746174696f6e54797065223a2022222c0a202020202020202022756e636f6d70757465496d706c656d656e746174696f6e223a2022222c0a202020202020202022636f6d706c6574696f6e47756172616e74656564223a20747275652c0a202020202020202022636f6d706163744f7074696f6e73223a205b0a20202020202020202020747275652c0a2020202020202020202066616c73650a20202020202020205d2c0a2020202020202020226964656e74696669657273223a205b0a202020202020202020202271363031333633220a20202020202020205d2c0a2020202020202020227175616e74756d53746174654e616d65223a2022437573746f6d205374617465222c0a20202020202020202273697a65223a2022222c0a2020202020202020226f75747075744964656e746966696572223a2022222c0a202020202020202022696e7075745479706573223a205b5d2c0a2020202020202020226f75747075745479706573223a205b0a20202020202020202020227175616e74756d207265676973746572220a20202020202020205d2c0a2020202020202020226f757470757473223a205b0a202020202020202020207b0a202020202020202020202020226964656e746966696572223a2022222c0a2020202020202020202020202273697a65223a2022220a202020202020202020207d0a20202020202020205d0a2020202020207d2c0a202020202020227769647468223a203332302c0a20202020202022686569676874223a203337332c0a20202020202022706f736974696f6e4162736f6c757465223a207b0a20202020202020202278223a202d32352c0a20202020202020202279223a203435350a2020202020207d2c0a202020202020226472616767696e67223a20747275650a202020207d2c0a202020207b0a202020202020226964223a202266653033396537322d316265362d343637332d383465612d643434616633663132313133222c0a2020202020202274797065223a202273746174655072657061726174696f6e4e6f6465222c0a20202020202022706f736974696f6e223a207b0a20202020202020202278223a202d32352c0a20202020202020202279223a203837350a2020202020207d2c0a2020202020202264617461223a207b0a2020202020202020226c6162656c223a202250726570617265205374617465222c0a202020202020202022696e70757473223a205b5d2c0a2020202020202020226368696c6472656e223a205b5d2c0a202020202020202022696d706c656d656e746174696f6e223a2022222c0a202020202020202022696d706c656d656e746174696f6e54797065223a2022222c0a202020202020202022756e636f6d70757465496d706c656d656e746174696f6e54797065223a2022222c0a202020202020202022756e636f6d70757465496d706c656d656e746174696f6e223a2022222c0a202020202020202022636f6d706c6574696f6e47756172616e74656564223a20747275652c0a202020202020202022636f6d706163744f7074696f6e73223a205b0a20202020202020202020747275652c0a2020202020202020202066616c73650a20202020202020205d2c0a2020202020202020226964656e74696669657273223a205b0a202020202020202020202271313031363938220a20202020202020205d2c0a2020202020202020227175616e74756d53746174654e616d65223a2022437573746f6d205374617465222c0a20202020202020202273697a65223a2022222c0a2020202020202020226f75747075744964656e746966696572223a2022222c0a202020202020202022696e7075745479706573223a205b5d2c0a2020202020202020226f75747075745479706573223a205b0a20202020202020202020227175616e74756d207265676973746572220a20202020202020205d2c0a2020202020202020226f757470757473223a205b0a202020202020202020207b0a202020202020202020202020226964656e746966696572223a2022222c0a2020202020202020202020202273697a65223a2022220a202020202020202020207d0a20202020202020205d0a2020202020207d2c0a202020202020227769647468223a203332302c0a20202020202022686569676874223a203337332c0a20202020202022706f736974696f6e4162736f6c757465223a207b0a20202020202020202278223a202d32352c0a20202020202020202279223a203837350a2020202020207d2c0a202020202020226472616767696e67223a20747275650a202020207d2c0a202020207b0a202020202020226964223a202236303963663565662d366136392d343935372d393830302d343363373264666363396632222c0a2020202020202274797065223a2022676174654e6f6465222c0a20202020202022706f736974696f6e223a207b0a20202020202020202278223a203635302c0a20202020202020202279223a203539300a2020202020207d2c0a2020202020202264617461223a207b0a2020202020202020226c6162656c223a20224353574150222c0a202020202020202022696e70757473223a205b0a202020202020202020207b0a20202020202020202020202022656467654964223a202232663939376465662d653031342d343561632d613339632d346333333865353234343962222c0a202020202020202020202020226964656e74696669657273223a205b0a20202020202020202020202020202271343434353131220a2020202020202020202020205d2c0a2020202020202020202020202274617267657448616e646c65223a20227175616e74756d48616e646c6547617465496e7075743036303963663565662d366136392d343935372d393830302d343363373264666363396632220a202020202020202020207d2c0a202020202020202020207b0a20202020202020202020202022656467654964223a202238633065393032612d653432332d343561632d386261632d656566663135633066316664222c0a202020202020202020202020226964656e74696669657273223a205b0a20202020202020202020202020202271363031333633220a2020202020202020202020205d2c0a2020202020202020202020202274617267657448616e646c65223a20227175616e74756d48616e646c6547617465496e7075743136303963663565662d366136392d343935372d393830302d343363373264666363396632222c0a202020202020202020202020226f75747075744964656e746966696572223a2022220a202020202020202020207d2c0a202020202020202020207b0a20202020202020202020202022656467654964223a202235646131326231332d393732382d343233342d626339342d316562383566626362626532222c0a202020202020202020202020226964656e74696669657273223a205b0a20202020202020202020202020202271313031363938220a2020202020202020202020205d2c0a2020202020202020202020202274617267657448616e646c65223a20227175616e74756d48616e646c6547617465496e7075743236303963663565662d366136392d343935372d393830302d343363373264666363396632222c0a202020202020202020202020226f75747075744964656e746966696572223a2022220a202020202020202020207d0a20202020202020205d2c0a2020202020202020226368696c6472656e223a205b5d2c0a202020202020202022696d706c656d656e746174696f6e223a2022222c0a202020202020202022696d706c656d656e746174696f6e54797065223a2022222c0a202020202020202022756e636f6d70757465496d706c656d656e746174696f6e54797065223a2022222c0a202020202020202022756e636f6d70757465496d706c656d656e746174696f6e223a2022222c0a202020202020202022636f6d706c6574696f6e47756172616e74656564223a20747275652c0a202020202020202022636f6d706163744f7074696f6e73223a205b0a20202020202020202020747275652c0a2020202020202020202066616c73650a20202020202020205d2c0a2020202020202020226964656e74696669657273223a205b0a202020202020202020202271313031363938220a20202020202020205d2c0a202020202020202022696e7075745479706573223a205b0a2020202020202020202022616e79222c0a20202020202020202020227175616e74756d207265676973746572222c0a20202020202020202020227175616e74756d207265676973746572220a20202020202020205d2c0a2020202020202020226f75747075745479706573223a205b5d2c0a202020202020202022706172616d65746572223a202230220a2020202020207d2c0a202020202020227769647468223a203131302c0a20202020202022686569676874223a203131302c0a20202020202022706f736974696f6e4162736f6c757465223a207b0a20202020202020202278223a203635302c0a20202020202020202279223a203539300a2020202020207d2c0a202020202020226472616767696e67223a20747275650a202020207d0a20205d2c0a2020226564676573223a205b0a202020207b0a20202020202022736f75726365223a202266653033396537322d316265362d343637332d383465612d643434616633663132313133222c0a20202020202022736f7572636548616e646c65223a20227175616e74756d48616e646c6573746174655072657061726174696f6e4e6f64654f75747075743066653033396537322d316265362d343637332d383465612d643434616633663132313133222c0a20202020202022746172676574223a202236303963663565662d366136392d343935372d393830302d343363373264666363396632222c0a2020202020202274617267657448616e646c65223a20227175616e74756d48616e646c6547617465496e7075743236303963663565662d366136392d343935372d393830302d343363373264666363396632222c0a2020202020202274797065223a20227175616e74756d45646765222c0a202020202020226964223a202265633565326436642d663438382d343134382d626636332d326234336366653639303863222c0a202020202020226d61726b6572456e64223a207b0a20202020202020202274797065223a20226172726f77636c6f736564222c0a2020202020202020227769647468223a2032302c0a202020202020202022686569676874223a2032302c0a202020202020202022636f6c6f72223a202223393343354644222c0a20202020202020202268696464656e223a2066616c73650a2020202020207d0a202020207d2c0a202020207b0a20202020202022736f75726365223a202263613232613563652d653964352d343430632d613261652d396464623836623365633963222c0a20202020202022736f7572636548616e646c65223a20227175616e74756d48616e646c6573746174655072657061726174696f6e4e6f64654f75747075743063613232613563652d653964352d343430632d613261652d396464623836623365633963222c0a20202020202022746172676574223a202236303963663565662d366136392d343935372d393830302d343363373264666363396632222c0a2020202020202274617267657448616e646c65223a20227175616e74756d48616e646c6547617465496e7075743136303963663565662d366136392d343935372d393830302d343363373264666363396632222c0a2020202020202274797065223a20227175616e74756d45646765222c0a202020202020226964223a202232663031376264642d663263382d343561392d613036312d633033306239643132316133222c0a202020202020226d61726b6572456e64223a207b0a20202020202020202274797065223a20226172726f77636c6f736564222c0a2020202020202020227769647468223a2032302c0a202020202020202022686569676874223a2032302c0a202020202020202022636f6c6f72223a202223393343354644222c0a20202020202020202268696464656e223a2066616c73650a2020202020207d0a202020207d2c0a202020207b0a20202020202022736f75726365223a202233653766313033342d393136662d343030642d616664382d353833313539666161383362222c0a20202020202022736f7572636548616e646c65223a20227175616e74756d48616e646c65476174654f75747075743033653766313033342d393136662d343030642d616664382d353833313539666161383362222c0a20202020202022746172676574223a202263346466633862652d613638652d343634612d393039392d303734346338623766633133222c0a2020202020202274617267657448616e646c65223a20227175616e74756d48616e646c654d6561737572656d656e74496e7075743063346466633862652d613638652d343634612d393039392d303734346338623766633133222c0a2020202020202274797065223a20227175616e74756d45646765222c0a202020202020226964223a202264663365623066302d623532372d343839632d623963352d343464613136633035363362222c0a202020202020226d61726b6572456e64223a207b0a20202020202020202274797065223a20226172726f77636c6f736564222c0a2020202020202020227769647468223a2032302c0a202020202020202022686569676874223a2032302c0a202020202020202022636f6c6f72223a202223393343354644222c0a20202020202020202268696464656e223a2066616c73650a2020202020207d0a202020207d2c0a202020207b0a20202020202022736f75726365223a202236303963663565662d366136392d343935372d393830302d343363373264666363396632222c0a20202020202022736f7572636548616e646c65223a20227175616e74756d48616e646c65476174654f75747075743036303963663565662d366136392d343935372d393830302d343363373264666363396632222c0a20202020202022746172676574223a202233653766313033342d393136662d343030642d616664382d353833313539666161383362222c0a2020202020202274617267657448616e646c65223a20227175616e74756d48616e646c6547617465496e7075743033653766313033342d393136662d343030642d616664382d353833313539666161383362222c0a2020202020202274797065223a20227175616e74756d45646765222c0a202020202020226964223a202235643964356166352d616332332d343739392d616139322d336266306535353331316566222c0a202020202020226d61726b6572456e64223a207b0a20202020202020202274797065223a20226172726f77636c6f736564222c0a2020202020202020227769647468223a2032302c0a202020202020202022686569676874223a2032302c0a202020202020202022636f6c6f72223a202223393343354644222c0a20202020202020202268696464656e223a2066616c73650a2020202020207d0a202020207d2c0a202020207b0a20202020202022736f75726365223a202237323938366330622d333261632d343332382d626636642d376462636264323735363362222c0a20202020202022736f7572636548616e646c65223a20227175616e74756d48616e646c65476174654f75747075743037323938366330622d333261632d343332382d626636642d376462636264323735363362222c0a20202020202022746172676574223a202236303963663565662d366136392d343935372d393830302d343363373264666363396632222c0a2020202020202274617267657448616e646c65223a20227175616e74756d48616e646c6547617465496e7075743036303963663565662d366136392d343935372d393830302d343363373264666363396632222c0a2020202020202274797065223a20227175616e74756d45646765222c0a202020202020226964223a202265653837373461392d623464392d343862392d386466322d353466386561663734346636222c0a202020202020226d61726b6572456e64223a207b0a20202020202020202274797065223a20226172726f77636c6f736564222c0a2020202020202020227769647468223a2032302c0a202020202020202022686569676874223a2032302c0a202020202020202022636f6c6f72223a202223393343354644222c0a20202020202020202268696464656e223a2066616c73650a2020202020207d0a202020207d2c0a202020207b0a20202020202022736f75726365223a202231326137323533612d363731332d343737342d623864652d366231316666663763623434222c0a20202020202022736f7572636548616e646c65223a20227175616e74756d48616e646c65476174654f75747075743031326137323533612d363731332d343737342d623864652d366231316666663763623434222c0a20202020202022746172676574223a202237323938366330622d333261632d343332382d626636642d376462636264323735363362222c0a2020202020202274617267657448616e646c65223a20227175616e74756d48616e646c6547617465496e7075743037323938366330622d333261632d343332382d626636642d376462636264323735363362222c0a2020202020202274797065223a20227175616e74756d45646765222c0a202020202020226964223a202237373832396539392d333562372d343536322d623539332d366535313064626462316638222c0a202020202020226d61726b6572456e64223a207b0a20202020202020202274797065223a20226172726f77636c6f736564222c0a2020202020202020227769647468223a2032302c0a202020202020202022686569676874223a2032302c0a202020202020202022636f6c6f72223a202223393343354644222c0a20202020202020202268696464656e223a2066616c73650a2020202020207d0a202020207d0a20205d2c0a20202276696577706f7274223a207b0a202020202278223a2033372e352c0a202020202279223a2031382e32352c0a20202020227a6f6f6d223a20302e350a20207d0a7d', 'f9d04d26-80f7-464c-95e1-9b87a738e8f0');
INSERT INTO public.file_data (id, data, file_id) VALUES ('ab9186c5-1b9b-4331-88db-0794ec6e4c4d', '\x7b0a2020226964656e74696669657273223a205b0a20202020226d61785f637574222c0a20202020227175616e74756d2d6b2d6e6561726573742d6e65696768626f757273222c0a20202020227175616e74756d2d6b2d6d65616e73220a20205d2c0a20202274616773223a205b0a202020207b0a202020202020226d61746368223a2022616c6c222c0a2020202020202274616773223a205b22636c7573746572696e67222c20227175616e74756d225d0a202020207d2c0a202020207b0a202020202020226d61746368223a2022616c6c222c0a2020202020202274616773223a205b22636c7573746572696e67222c2022514d4c225d0a202020207d0a20205d0a7d0a', '38238b94-61ee-41f3-8b19-bb63f178a5fe');
INSERT INTO public.file_data (id, data, file_id) VALUES ('25ae8716-62c5-4a46-b8da-34aa8fa93c48', '\x7b0a2020226964656e74696669657273223a205b0a20202020227175616e74756d2d636e6e222c0a2020202022716e6e222c0a20202020227175616e74756d2d7061727a656e2d77696e646f77222c0a2020202022767163222c0a202020202273766d220a20205d2c0a20202274616773223a205b0a202020207b0a202020202020226d61746368223a2022616c6c222c0a2020202020202274616773223a205b22636c617373696669636174696f6e222c20227175616e74756d225d0a202020207d2c0a202020207b0a202020202020226d61746368223a2022616c6c222c0a2020202020202274616773223a205b22636c617373696669636174696f6e222c2022514d4c225d0a202020207d2c0a202020207b0a202020202020226d61746368223a2022616c6c222c0a2020202020202274616773223a205b226e657572616c2d6e6574776f726b222c20227175616e74756d225d0a202020207d2c0a202020207b0a202020202020226d61746368223a2022616c6c222c0a2020202020202274616773223a205b226e657572616c2d6e6574776f726b222c2022514d4c225d0a202020207d0a20205d0a7d0a', '9fed54f5-edbd-49f6-a5fb-721a6e20d702');
INSERT INTO public.file_data (id, data, file_id) VALUES ('2a055335-0f02-4a98-800b-8dc38f5d0073', '\x7b0a2020226964656e74696669657273223a205b0a2020202022416d617a6f6e4272616b65745f4c6f63616c53696d756c61746f72222c0a20202020227169736b69742d6578656375746f72222c0a2020202022636972712d73696d756c61746f72222c0a20202020226d71742d73696d756c61746f72222c0a202020202270656e6e796c616e652d73696d756c61746f72222c0a20202020227079746b65745f71756c6163734261636b656e642d73696d756c61746f72222c0a20202020227169736b69742d73696d756c61746f72220a20205d2c0a20202274616773223a205b22636972637569742d6578656375746f72225d0a7d0a', 'c46652b7-e626-4d3d-ac81-8a33d3207bb3');
INSERT INTO public.file_data (id, data, file_id) VALUES ('94c97651-d6ca-41d4-bff6-b95f5677a477', '\x7b0a2020226964656e74696669657273223a205b0a2020202022416d617a6f6e4272616b65745f4c6f63616c53696d756c61746f72222c0a20202020227169736b69742d6578656375746f72222c0a2020202022636972712d73696d756c61746f72222c0a20202020226d71742d73696d756c61746f72222c0a202020202270656e6e796c616e652d73696d756c61746f72222c0a20202020227079746b65745f71756c6163734261636b656e642d73696d756c61746f72222c0a20202020227169736b69742d73696d756c61746f72220a20205d2c0a20202274616773223a205b22636972637569742d6578656375746f72225d0a7d0a', '297705dd-bbd1-40fb-b488-93a0a2479485');
INSERT INTO public.file_data (id, data, file_id) VALUES ('b9787f8f-546b-4e3a-8086-b2531c05169f', '\x7b0a2020226964656e74696669657273223a205b226e6973712d616e616c797a6572225d2c0a20202274616773223a205b5d0a7d0a', '38a07846-752f-47ec-90e5-274143586904');
INSERT INTO public.file_data (id, data, file_id) VALUES ('c2529ea2-217f-45f2-8305-ceeaa21fc1dc', '\x7b0a2020226964656e74696669657273223a205b5d2c0a20202274616773223a205b227175616e74756d222c2022514d4c225d0a7d0a', '71e50784-3c73-4a29-805c-b901cc2901a5');

INSERT INTO public.file_data (id, data, file_id) VALUES ('a341b69a-b56a-4e18-b508-e020c4f2148b', '\x7b0a2020226d65746164617461223a207b0a202020202276657273696f6e223a2022312e302e30222c0a20202020226e616d65223a20224d79204d6f64656c222c0a20202020226465736372697074696f6e223a2022546869732069732061206d6f64656c2e222c0a2020202022617574686f72223a2022222c0a2020202022636f6e7461696e73506c616365686f6c646572223a2066616c73652c0a20202020226964223a2022666c6f772d31373730353737393839363939222c0a202020202274696d657374616d70223a2022323032362d30322d30385431393a31333a30392e3639395a220a20207d2c0a2020226e6f646573223a205b0a202020207b0a202020202020226964223a202263353131363636642d636337362d343463612d613962632d356465633865636264643432222c0a2020202020202274797065223a2022676174654e6f6465222c0a20202020202022706f736974696f6e223a207b0a20202020202020202278223a203134302c0a20202020202020202279223a203231350a2020202020207d2c0a2020202020202264617461223a207b0a2020202020202020226c6162656c223a202251756269742043697263756974222c0a202020202020202022696e70757473223a205b5d2c0a2020202020202020226368696c6472656e223a205b5d2c0a202020202020202022696d706c656d656e746174696f6e223a2022222c0a202020202020202022696d706c656d656e746174696f6e54797065223a2022222c0a202020202020202022756e636f6d70757465496d706c656d656e746174696f6e54797065223a2022222c0a202020202020202022756e636f6d70757465496d706c656d656e746174696f6e223a2022222c0a202020202020202022636f6d706c6574696f6e47756172616e74656564223a20747275652c0a202020202020202022636f6d706163744f7074696f6e73223a205b0a20202020202020202020747275652c0a2020202020202020202066616c73650a20202020202020205d2c0a2020202020202020226964656e74696669657273223a205b0a202020202020202020202271343434353131220a20202020202020205d2c0a202020202020202022696e7075745479706573223a205b5d2c0a2020202020202020226f75747075745479706573223a205b5d2c0a202020202020202022706172616d65746572223a202230220a2020202020207d2c0a202020202020227769647468223a203131302c0a20202020202022686569676874223a203131302c0a20202020202022706f736974696f6e4162736f6c757465223a207b0a20202020202020202278223a203134302c0a20202020202020202279223a203231350a2020202020207d0a202020207d2c0a202020207b0a202020202020226964223a202230363064643930332d653961352d343132612d396636392d373039623133303037363830222c0a2020202020202274797065223a2022676174654e6f6465222c0a20202020202022706f736974696f6e223a207b0a20202020202020202278223a203338302c0a20202020202020202279223a203231350a2020202020207d2c0a2020202020202264617461223a207b0a2020202020202020226c6162656c223a202248222c0a202020202020202022696e70757473223a205b0a202020202020202020207b0a20202020202020202020202022656467654964223a202235333232643761322d353662322d346632322d626330312d386464316437633932336630222c0a202020202020202020202020226964656e74696669657273223a205b0a20202020202020202020202020202271343434353131220a2020202020202020202020205d2c0a2020202020202020202020202274617267657448616e646c65223a20227175616e74756d48616e646c6547617465496e7075743030363064643930332d653961352d343132612d396636392d373039623133303037363830220a202020202020202020207d0a20202020202020205d2c0a2020202020202020226368696c6472656e223a205b5d2c0a202020202020202022696d706c656d656e746174696f6e223a2022222c0a202020202020202022696d706c656d656e746174696f6e54797065223a2022222c0a202020202020202022756e636f6d70757465496d706c656d656e746174696f6e54797065223a2022222c0a202020202020202022756e636f6d70757465496d706c656d656e746174696f6e223a2022222c0a202020202020202022636f6d706c6574696f6e47756172616e74656564223a20747275652c0a202020202020202022636f6d706163744f7074696f6e73223a205b0a20202020202020202020747275652c0a2020202020202020202066616c73650a20202020202020205d2c0a2020202020202020226964656e74696669657273223a205b0a202020202020202020202271343434353131220a20202020202020205d2c0a202020202020202022696e7075745479706573223a205b0a2020202020202020202022616e79220a20202020202020205d2c0a2020202020202020226f75747075745479706573223a205b5d2c0a202020202020202022706172616d65746572223a202230220a2020202020207d2c0a202020202020227769647468223a203131302c0a20202020202022686569676874223a203131302c0a20202020202022706f736974696f6e4162736f6c757465223a207b0a20202020202020202278223a203338302c0a20202020202020202279223a203231350a2020202020207d2c0a202020202020226472616767696e67223a20747275650a202020207d2c0a202020207b0a202020202020226964223a202230623131623061352d663466362d343230302d613131322d353264663361366565373630222c0a2020202020202274797065223a2022676174654e6f6465222c0a20202020202022706f736974696f6e223a207b0a20202020202020202278223a203834352c0a20202020202020202279223a203231350a2020202020207d2c0a2020202020202264617461223a207b0a2020202020202020226c6162656c223a202248222c0a202020202020202022696e70757473223a205b0a202020202020202020207b0a202020202020202020202020226964223a202232316636626562612d316134622d343263662d613031382d383732623031383062613235222c0a20202020202020202020202022656467654964223a202237313234376363362d636462352d343034632d616139352d646661643665393430373631222c0a202020202020202020202020226964656e74696669657273223a205b0a20202020202020202020202020202271343434353131220a2020202020202020202020205d2c0a2020202020202020202020202274617267657448616e646c65223a20227175616e74756d48616e646c6547617465496e7075743030623131623061352d663466362d343230302d613131322d353264663361366565373630220a202020202020202020207d0a20202020202020205d2c0a2020202020202020226368696c6472656e223a205b5d2c0a202020202020202022696d706c656d656e746174696f6e223a2022222c0a202020202020202022696d706c656d656e746174696f6e54797065223a2022222c0a202020202020202022756e636f6d70757465496d706c656d656e746174696f6e54797065223a2022222c0a202020202020202022756e636f6d70757465496d706c656d656e746174696f6e223a2022222c0a202020202020202022636f6d706c6574696f6e47756172616e74656564223a20747275652c0a202020202020202022636f6d706163744f7074696f6e73223a205b0a20202020202020202020747275652c0a2020202020202020202066616c73650a20202020202020205d2c0a2020202020202020226964656e74696669657273223a205b0a202020202020202020202271343434353131220a20202020202020205d2c0a202020202020202022696e7075745479706573223a205b0a2020202020202020202022616e79220a20202020202020205d2c0a2020202020202020226f75747075745479706573223a205b5d2c0a202020202020202022706172616d65746572223a202230220a2020202020207d2c0a202020202020227769647468223a203131302c0a20202020202022686569676874223a203131302c0a20202020202022706f736974696f6e4162736f6c757465223a207b0a20202020202020202278223a203834352c0a20202020202020202279223a203231350a2020202020207d0a202020207d2c0a202020207b0a202020202020226964223a202235643333656439382d363863392d343034312d616364382d666430383632373330333063222c0a2020202020202274797065223a20226d6561737572656d656e744e6f6465222c0a20202020202022706f736974696f6e223a207b0a20202020202020202278223a20313230352c0a20202020202020202279223a203233300a2020202020207d2c0a2020202020202264617461223a207b0a2020202020202020226c6162656c223a20224d6561737572656d656e74222c0a202020202020202022696e70757473223a205b0a202020202020202020207b0a20202020202020202020202022656467654964223a202232343234363534342d366337332d346663352d386564372d363363363230366330313162222c0a202020202020202020202020226964656e74696669657273223a205b0a20202020202020202020202020202271343434353131220a2020202020202020202020205d2c0a2020202020202020202020202274617267657448616e646c65223a20227175616e74756d48616e646c654d6561737572656d656e74496e7075743035643333656439382d363863392d343034312d616364382d666430383632373330333063220a202020202020202020207d0a20202020202020205d2c0a2020202020202020226368696c6472656e223a205b5d2c0a202020202020202022696d706c656d656e746174696f6e223a2022222c0a202020202020202022696d706c656d656e746174696f6e54797065223a2022222c0a202020202020202022756e636f6d70757465496d706c656d656e746174696f6e54797065223a2022222c0a202020202020202022756e636f6d70757465496d706c656d656e746174696f6e223a2022222c0a202020202020202022636f6d706c6574696f6e47756172616e74656564223a20747275652c0a202020202020202022636f6d706163744f7074696f6e73223a205b0a20202020202020202020747275652c0a2020202020202020202066616c73650a20202020202020205d2c0a2020202020202020226964656e74696669657273223a205b0a202020202020202020202271343434353131220a20202020202020205d2c0a202020202020202022696e6469636573223a2022222c0a2020202020202020226f75747075744964656e746966696572223a2022222c0a202020202020202022696e7075745479706573223a205b0a20202020202020202020227175616e74756d207265676973746572220a20202020202020205d2c0a2020202020202020226f75747075745479706573223a205b0a20202020202020202020226172726179222c0a20202020202020202020227175616e74756d207265676973746572220a20202020202020205d0a2020202020207d2c0a202020202020227769647468223a203332302c0a20202020202022686569676874223a203434302c0a20202020202022706f736974696f6e4162736f6c757465223a207b0a20202020202020202278223a20313230352c0a20202020202020202279223a203233300a2020202020207d2c0a202020202020226472616767696e67223a20747275650a202020207d2c0a202020207b0a202020202020226964223a202234313039373537332d383863362d346231332d626662632d333332626466316262613930222c0a2020202020202274797065223a202273746174655072657061726174696f6e4e6f6465222c0a20202020202022706f736974696f6e223a207b0a20202020202020202278223a202d32352c0a20202020202020202279223a203435350a2020202020207d2c0a2020202020202264617461223a207b0a2020202020202020226c6162656c223a202250726570617265205374617465222c0a202020202020202022696e70757473223a205b5d2c0a2020202020202020226368696c6472656e223a205b5d2c0a202020202020202022696d706c656d656e746174696f6e223a2022222c0a202020202020202022696d706c656d656e746174696f6e54797065223a2022222c0a202020202020202022756e636f6d70757465496d706c656d656e746174696f6e54797065223a2022222c0a202020202020202022756e636f6d70757465496d706c656d656e746174696f6e223a2022222c0a202020202020202022636f6d706c6574696f6e47756172616e74656564223a20747275652c0a202020202020202022636f6d706163744f7074696f6e73223a205b0a20202020202020202020747275652c0a2020202020202020202066616c73650a20202020202020205d2c0a2020202020202020226964656e74696669657273223a205b0a202020202020202020202271363031333633220a20202020202020205d2c0a2020202020202020227175616e74756d53746174654e616d65223a2022437573746f6d205374617465222c0a20202020202020202273697a65223a2022222c0a2020202020202020226f75747075744964656e746966696572223a2022222c0a202020202020202022696e7075745479706573223a205b5d2c0a2020202020202020226f75747075745479706573223a205b0a20202020202020202020227175616e74756d207265676973746572220a20202020202020205d2c0a2020202020202020226f757470757473223a205b0a202020202020202020207b0a202020202020202020202020226964656e746966696572223a2022222c0a2020202020202020202020202273697a65223a2022220a202020202020202020207d0a20202020202020205d0a2020202020207d2c0a202020202020227769647468223a203332302c0a20202020202022686569676874223a203337332c0a20202020202022706f736974696f6e4162736f6c757465223a207b0a20202020202020202278223a202d32352c0a20202020202020202279223a203435350a2020202020207d2c0a202020202020226472616767696e67223a20747275650a202020207d2c0a202020207b0a202020202020226964223a202232316636626562612d316134622d343263662d613031382d383732623031383062613235222c0a2020202020202274797065223a2022676174654e6f6465222c0a20202020202022706f736974696f6e223a207b0a20202020202020202278223a203633352c0a20202020202020202279223a203534350a2020202020207d2c0a2020202020202264617461223a207b0a2020202020202020226c6162656c223a2022434e4f54222c0a202020202020202022696e70757473223a205b0a202020202020202020207b0a202020202020202020202020226964223a202230363064643930332d653961352d343132612d396636392d373039623133303037363830222c0a20202020202020202020202022656467654964223a202230306535366438302d373533612d343863312d623333392d353766666666373030626664222c0a202020202020202020202020226964656e74696669657273223a205b0a20202020202020202020202020202271343434353131220a2020202020202020202020205d2c0a2020202020202020202020202274617267657448616e646c65223a20227175616e74756d48616e646c6547617465496e7075743032316636626562612d316134622d343263662d613031382d383732623031383062613235220a202020202020202020207d2c0a202020202020202020207b0a202020202020202020202020226964223a202234313039373537332d383863362d346231332d626662632d333332626466316262613930222c0a20202020202020202020202022656467654964223a202265643631626331632d323433392d343735622d613835362d633635316534386534386633222c0a202020202020202020202020226964656e74696669657273223a205b0a20202020202020202020202020202271363031333633220a2020202020202020202020205d2c0a2020202020202020202020202274617267657448616e646c65223a20227175616e74756d48616e646c6547617465496e7075743132316636626562612d316134622d343263662d613031382d383732623031383062613235222c0a202020202020202020202020226f75747075744964656e746966696572223a2022220a202020202020202020207d0a20202020202020205d2c0a2020202020202020226368696c6472656e223a205b5d2c0a202020202020202022696d706c656d656e746174696f6e223a2022222c0a202020202020202022696d706c656d656e746174696f6e54797065223a2022222c0a202020202020202022756e636f6d70757465496d706c656d656e746174696f6e54797065223a2022222c0a202020202020202022756e636f6d70757465496d706c656d656e746174696f6e223a2022222c0a202020202020202022636f6d706c6574696f6e47756172616e74656564223a20747275652c0a202020202020202022636f6d706163744f7074696f6e73223a205b0a20202020202020202020747275652c0a2020202020202020202066616c73650a20202020202020205d2c0a2020202020202020226964656e74696669657273223a205b0a202020202020202020202271343434353131220a20202020202020205d2c0a202020202020202022696e7075745479706573223a205b0a2020202020202020202022616e79222c0a20202020202020202020227175616e74756d207265676973746572220a20202020202020205d2c0a2020202020202020226f75747075745479706573223a205b5d2c0a202020202020202022706172616d65746572223a202230220a2020202020207d2c0a202020202020227769647468223a203131302c0a20202020202022686569676874223a203131302c0a20202020202022706f736974696f6e4162736f6c757465223a207b0a20202020202020202278223a203633352c0a20202020202020202279223a203534350a2020202020207d2c0a202020202020226472616767696e67223a20747275650a202020207d0a20205d2c0a2020226564676573223a205b0a202020207b0a20202020202022736f75726365223a202232316636626562612d316134622d343263662d613031382d383732623031383062613235222c0a20202020202022736f7572636548616e646c65223a20227175616e74756d48616e646c65476174654f75747075743032316636626562612d316134622d343263662d613031382d383732623031383062613235222c0a20202020202022746172676574223a202230623131623061352d663466362d343230302d613131322d353264663361366565373630222c0a2020202020202274617267657448616e646c65223a20227175616e74756d48616e646c6547617465496e7075743030623131623061352d663466362d343230302d613131322d353264663361366565373630222c0a2020202020202274797065223a20227175616e74756d45646765222c0a202020202020226964223a202263353761376136642d313931382d343666302d383932622d306535313337343663383735222c0a202020202020226d61726b6572456e64223a207b0a20202020202020202274797065223a20226172726f77636c6f736564222c0a2020202020202020227769647468223a2032302c0a202020202020202022686569676874223a2032302c0a202020202020202022636f6c6f72223a202223393343354644222c0a20202020202020202268696464656e223a2066616c73650a2020202020207d0a202020207d2c0a202020207b0a20202020202022736f75726365223a202230363064643930332d653961352d343132612d396636392d373039623133303037363830222c0a20202020202022736f7572636548616e646c65223a20227175616e74756d48616e646c65476174654f75747075743030363064643930332d653961352d343132612d396636392d373039623133303037363830222c0a20202020202022746172676574223a202232316636626562612d316134622d343263662d613031382d383732623031383062613235222c0a2020202020202274617267657448616e646c65223a20227175616e74756d48616e646c6547617465496e7075743032316636626562612d316134622d343263662d613031382d383732623031383062613235222c0a2020202020202274797065223a20227175616e74756d45646765222c0a202020202020226964223a202237393330643032362d356162382d343232372d616437612d303362323838373966643961222c0a202020202020226d61726b6572456e64223a207b0a20202020202020202274797065223a20226172726f77636c6f736564222c0a2020202020202020227769647468223a2032302c0a202020202020202022686569676874223a2032302c0a202020202020202022636f6c6f72223a202223393343354644222c0a20202020202020202268696464656e223a2066616c73650a2020202020207d0a202020207d2c0a202020207b0a20202020202022736f75726365223a202234313039373537332d383863362d346231332d626662632d333332626466316262613930222c0a20202020202022736f7572636548616e646c65223a20227175616e74756d48616e646c6573746174655072657061726174696f6e4e6f64654f75747075743034313039373537332d383863362d346231332d626662632d333332626466316262613930222c0a20202020202022746172676574223a202232316636626562612d316134622d343263662d613031382d383732623031383062613235222c0a2020202020202274617267657448616e646c65223a20227175616e74756d48616e646c6547617465496e7075743132316636626562612d316134622d343263662d613031382d383732623031383062613235222c0a2020202020202274797065223a20227175616e74756d45646765222c0a202020202020226964223a202238343630363863642d336663622d346161372d613238372d303363613836616264396330222c0a202020202020226d61726b6572456e64223a207b0a20202020202020202274797065223a20226172726f77636c6f736564222c0a2020202020202020227769647468223a2032302c0a202020202020202022686569676874223a2032302c0a202020202020202022636f6c6f72223a202223393343354644222c0a20202020202020202268696464656e223a2066616c73650a2020202020207d0a202020207d2c0a202020207b0a20202020202022736f75726365223a202230623131623061352d663466362d343230302d613131322d353264663361366565373630222c0a20202020202022736f7572636548616e646c65223a20227175616e74756d48616e646c65476174654f75747075743030623131623061352d663466362d343230302d613131322d353264663361366565373630222c0a20202020202022746172676574223a202235643333656439382d363863392d343034312d616364382d666430383632373330333063222c0a2020202020202274617267657448616e646c65223a20227175616e74756d48616e646c654d6561737572656d656e74496e7075743035643333656439382d363863392d343034312d616364382d666430383632373330333063222c0a2020202020202274797065223a20227175616e74756d45646765222c0a202020202020226964223a202236386435333637322d383032662d343735662d393030632d313130613737373938366463222c0a202020202020226d61726b6572456e64223a207b0a20202020202020202274797065223a20226172726f77636c6f736564222c0a2020202020202020227769647468223a2032302c0a202020202020202022686569676874223a2032302c0a202020202020202022636f6c6f72223a202223393343354644222c0a20202020202020202268696464656e223a2066616c73650a2020202020207d0a202020207d2c0a202020207b0a20202020202022736f75726365223a202263353131363636642d636337362d343463612d613962632d356465633865636264643432222c0a20202020202022736f7572636548616e646c65223a20227175616e74756d48616e646c65476174654f75747075743063353131363636642d636337362d343463612d613962632d356465633865636264643432222c0a20202020202022746172676574223a202230363064643930332d653961352d343132612d396636392d373039623133303037363830222c0a2020202020202274617267657448616e646c65223a20227175616e74756d48616e646c6547617465496e7075743030363064643930332d653961352d343132612d396636392d373039623133303037363830222c0a2020202020202274797065223a20227175616e74756d45646765222c0a202020202020226964223a202231346338646164362d646161322d346533372d396430632d653838353136313965373030222c0a202020202020226d61726b6572456e64223a207b0a20202020202020202274797065223a20226172726f77636c6f736564222c0a2020202020202020227769647468223a2032302c0a202020202020202022686569676874223a2032302c0a202020202020202022636f6c6f72223a202223393343354644222c0a20202020202020202268696464656e223a2066616c73650a2020202020207d0a202020207d0a20205d2c0a20202276696577706f7274223a207b0a202020202278223a2033372e352c0a202020202279223a203132332e32352c0a20202020227a6f6f6d223a20302e350a20207d0a7d', '3148c756-c9bd-487a-a7b4-365924ef7cb0');
INSERT INTO public.file_data (id, data, file_id) VALUES ('f328faca-17ff-4cc6-a58c-0e17c033e7e4', '\x7b0a2020226d65746164617461223a207b0a202020202276657273696f6e223a2022312e302e30222c0a20202020226e616d65223a20224d79204d6f64656c222c0a20202020226465736372697074696f6e223a2022546869732069732061206d6f64656c2e222c0a2020202022617574686f72223a2022222c0a2020202022636f6e7461696e73506c616365686f6c646572223a2066616c73652c0a20202020226964223a2022666c6f772d31373730353738303334303232222c0a202020202274696d657374616d70223a2022323032362d30322d30385431393a31333a35342e3032325a220a20207d2c0a2020226e6f646573223a205b0a202020207b0a202020202020226964223a202262353539646231362d613539632d346130662d626536362d313038646166346161323966222c0a2020202020202274797065223a2022676174654e6f6465222c0a20202020202022706f736974696f6e223a207b0a20202020202020202278223a2035302c0a20202020202020202279223a203230300a2020202020207d2c0a2020202020202264617461223a207b0a2020202020202020226c6162656c223a202251756269742043697263756974222c0a202020202020202022696e70757473223a205b5d2c0a2020202020202020226368696c6472656e223a205b5d2c0a202020202020202022696d706c656d656e746174696f6e223a2022222c0a202020202020202022696d706c656d656e746174696f6e54797065223a2022222c0a202020202020202022756e636f6d70757465496d706c656d656e746174696f6e54797065223a2022222c0a202020202020202022756e636f6d70757465496d706c656d656e746174696f6e223a2022222c0a202020202020202022636f6d706c6574696f6e47756172616e74656564223a20747275652c0a202020202020202022636f6d706163744f7074696f6e73223a205b0a20202020202020202020747275652c0a2020202020202020202066616c73650a20202020202020205d2c0a2020202020202020226964656e74696669657273223a205b0a202020202020202020202271343434353131220a20202020202020205d2c0a202020202020202022696e7075745479706573223a205b5d2c0a2020202020202020226f75747075745479706573223a205b5d2c0a202020202020202022706172616d65746572223a202230220a2020202020207d2c0a202020202020227769647468223a203131302c0a20202020202022686569676874223a203131302c0a20202020202022706f736974696f6e4162736f6c757465223a207b0a20202020202020202278223a2035302c0a20202020202020202279223a203230300a2020202020207d2c0a202020202020226472616767696e67223a20747275650a202020207d2c0a202020207b0a202020202020226964223a202231636234303239352d366130332d343737362d386134332d366663313661323933373861222c0a2020202020202274797065223a2022676174654e6f6465222c0a20202020202022706f736974696f6e223a207b0a20202020202020202278223a203236302c0a20202020202020202279223a203230300a2020202020207d2c0a2020202020202264617461223a207b0a2020202020202020226c6162656c223a202248222c0a202020202020202022696e70757473223a205b0a202020202020202020207b0a20202020202020202020202022656467654964223a202235333232643761322d353662322d346632322d626330312d386464316437633932336630222c0a202020202020202020202020226964656e74696669657273223a205b0a20202020202020202020202020202271343434353131220a2020202020202020202020205d2c0a2020202020202020202020202274617267657448616e646c65223a20227175616e74756d48616e646c6547617465496e7075743031636234303239352d366130332d343737362d386134332d366663313661323933373861220a202020202020202020207d0a20202020202020205d2c0a2020202020202020226368696c6472656e223a205b5d2c0a202020202020202022696d706c656d656e746174696f6e223a2022222c0a202020202020202022696d706c656d656e746174696f6e54797065223a2022222c0a202020202020202022756e636f6d70757465496d706c656d656e746174696f6e54797065223a2022222c0a202020202020202022756e636f6d70757465496d706c656d656e746174696f6e223a2022222c0a202020202020202022636f6d706c6574696f6e47756172616e74656564223a20747275652c0a202020202020202022636f6d706163744f7074696f6e73223a205b0a20202020202020202020747275652c0a2020202020202020202066616c73650a20202020202020205d2c0a2020202020202020226964656e74696669657273223a205b0a202020202020202020202271343434353131220a20202020202020205d2c0a202020202020202022696e7075745479706573223a205b0a2020202020202020202022616e79220a20202020202020205d2c0a2020202020202020226f75747075745479706573223a205b5d2c0a202020202020202022706172616d65746572223a202230220a2020202020207d2c0a202020202020227769647468223a203131302c0a20202020202022686569676874223a203131302c0a20202020202022706f736974696f6e4162736f6c757465223a207b0a20202020202020202278223a203236302c0a20202020202020202279223a203230300a2020202020207d2c0a202020202020226472616767696e67223a20747275650a202020207d2c0a202020207b0a202020202020226964223a202230356136643239612d623265392d343464332d396437662d373562636237346136633163222c0a2020202020202274797065223a2022676174654e6f6465222c0a20202020202022706f736974696f6e223a207b0a20202020202020202278223a203933352c0a20202020202020202279223a203231350a2020202020207d2c0a2020202020202264617461223a207b0a2020202020202020226c6162656c223a202248222c0a202020202020202022696e70757473223a205b0a202020202020202020207b0a20202020202020202020202022656467654964223a202264393666393539342d656265662d346634382d623361302d616264633139356161616162222c0a202020202020202020202020226964656e74696669657273223a205b0a20202020202020202020202020202271343434353131220a2020202020202020202020205d2c0a2020202020202020202020202274617267657448616e646c65223a20227175616e74756d48616e646c6547617465496e7075743030356136643239612d623265392d343464332d396437662d373562636237346136633163220a202020202020202020207d0a20202020202020205d2c0a2020202020202020226368696c6472656e223a205b5d2c0a202020202020202022696d706c656d656e746174696f6e223a2022222c0a202020202020202022696d706c656d656e746174696f6e54797065223a2022222c0a202020202020202022756e636f6d70757465496d706c656d656e746174696f6e54797065223a2022222c0a202020202020202022756e636f6d70757465496d706c656d656e746174696f6e223a2022222c0a202020202020202022636f6d706c6574696f6e47756172616e74656564223a20747275652c0a202020202020202022636f6d706163744f7074696f6e73223a205b0a20202020202020202020747275652c0a2020202020202020202066616c73650a20202020202020205d2c0a2020202020202020226964656e74696669657273223a205b0a202020202020202020202271343434353131220a20202020202020205d2c0a202020202020202022696e7075745479706573223a205b0a2020202020202020202022616e79220a20202020202020205d2c0a2020202020202020226f75747075745479706573223a205b5d2c0a202020202020202022706172616d65746572223a202230220a2020202020207d2c0a202020202020227769647468223a203131302c0a20202020202022686569676874223a203131302c0a20202020202022706f736974696f6e4162736f6c757465223a207b0a20202020202020202278223a203933352c0a20202020202020202279223a203231350a2020202020207d2c0a202020202020226472616767696e67223a20747275650a202020207d2c0a202020207b0a202020202020226964223a202231343362626636332d633463312d346638652d393630382d353639396666383261366430222c0a2020202020202274797065223a20226d6561737572656d656e744e6f6465222c0a20202020202022706f736974696f6e223a207b0a20202020202020202278223a20313230352c0a20202020202020202279223a203233300a2020202020207d2c0a2020202020202264617461223a207b0a2020202020202020226c6162656c223a20224d6561737572656d656e74222c0a202020202020202022696e70757473223a205b0a202020202020202020207b0a20202020202020202020202022656467654964223a202232343234363534342d366337332d346663352d386564372d363363363230366330313162222c0a202020202020202020202020226964656e74696669657273223a205b0a20202020202020202020202020202271343434353131220a2020202020202020202020205d2c0a2020202020202020202020202274617267657448616e646c65223a20227175616e74756d48616e646c654d6561737572656d656e74496e7075743031343362626636332d633463312d346638652d393630382d353639396666383261366430220a202020202020202020207d0a20202020202020205d2c0a2020202020202020226368696c6472656e223a205b5d2c0a202020202020202022696d706c656d656e746174696f6e223a2022222c0a202020202020202022696d706c656d656e746174696f6e54797065223a2022222c0a202020202020202022756e636f6d70757465496d706c656d656e746174696f6e54797065223a2022222c0a202020202020202022756e636f6d70757465496d706c656d656e746174696f6e223a2022222c0a202020202020202022636f6d706c6574696f6e47756172616e74656564223a20747275652c0a202020202020202022636f6d706163744f7074696f6e73223a205b0a20202020202020202020747275652c0a2020202020202020202066616c73650a20202020202020205d2c0a2020202020202020226964656e74696669657273223a205b0a202020202020202020202271343434353131220a20202020202020205d2c0a202020202020202022696e6469636573223a2022222c0a2020202020202020226f75747075744964656e746966696572223a2022222c0a202020202020202022696e7075745479706573223a205b0a20202020202020202020227175616e74756d207265676973746572220a20202020202020205d2c0a2020202020202020226f75747075745479706573223a205b0a20202020202020202020226172726179222c0a20202020202020202020227175616e74756d207265676973746572220a20202020202020205d0a2020202020207d2c0a202020202020227769647468223a203332302c0a20202020202022686569676874223a203434302c0a20202020202022706f736974696f6e4162736f6c757465223a207b0a20202020202020202278223a20313230352c0a20202020202020202279223a203233300a2020202020207d2c0a202020202020226472616767696e67223a20747275650a202020207d2c0a202020207b0a202020202020226964223a202265626366333730612d666635612d343166652d613732372d663633616234653333616165222c0a2020202020202274797065223a202273746174655072657061726174696f6e4e6f6465222c0a20202020202022706f736974696f6e223a207b0a20202020202020202278223a202d32352c0a20202020202020202279223a203435350a2020202020207d2c0a2020202020202264617461223a207b0a2020202020202020226c6162656c223a202250726570617265205374617465222c0a202020202020202022696e70757473223a205b5d2c0a2020202020202020226368696c6472656e223a205b5d2c0a202020202020202022696d706c656d656e746174696f6e223a2022222c0a202020202020202022696d706c656d656e746174696f6e54797065223a2022222c0a202020202020202022756e636f6d70757465496d706c656d656e746174696f6e54797065223a2022222c0a202020202020202022756e636f6d70757465496d706c656d656e746174696f6e223a2022222c0a202020202020202022636f6d706c6574696f6e47756172616e74656564223a20747275652c0a202020202020202022636f6d706163744f7074696f6e73223a205b0a20202020202020202020747275652c0a2020202020202020202066616c73650a20202020202020205d2c0a2020202020202020226964656e74696669657273223a205b0a202020202020202020202271363031333633220a20202020202020205d2c0a2020202020202020227175616e74756d53746174654e616d65223a2022437573746f6d205374617465222c0a20202020202020202273697a65223a2022222c0a2020202020202020226f75747075744964656e746966696572223a2022222c0a202020202020202022696e7075745479706573223a205b5d2c0a2020202020202020226f75747075745479706573223a205b0a20202020202020202020227175616e74756d207265676973746572220a20202020202020205d2c0a2020202020202020226f757470757473223a205b0a202020202020202020207b0a202020202020202020202020226964656e746966696572223a2022222c0a2020202020202020202020202273697a65223a2022220a202020202020202020207d0a20202020202020205d0a2020202020207d2c0a202020202020227769647468223a203332302c0a20202020202022686569676874223a203337332c0a20202020202022706f736974696f6e4162736f6c757465223a207b0a20202020202020202278223a202d32352c0a20202020202020202279223a203435350a2020202020207d2c0a202020202020226472616767696e67223a20747275650a202020207d2c0a202020207b0a202020202020226964223a202230613230393839382d353263662d346533382d623362322d333334393031343930343335222c0a2020202020202274797065223a2022676174654e6f6465222c0a20202020202022706f736974696f6e223a207b0a20202020202020202278223a203537352c0a20202020202020202279223a203534350a2020202020207d2c0a2020202020202264617461223a207b0a2020202020202020226c6162656c223a2022434e4f54222c0a202020202020202022696e70757473223a205b0a202020202020202020207b0a202020202020202020202020226964223a202265626366333730612d666635612d343166652d613732372d663633616234653333616165222c0a20202020202020202020202022656467654964223a202265643631626331632d323433392d343735622d613835362d633635316534386534386633222c0a202020202020202020202020226964656e74696669657273223a205b0a20202020202020202020202020202271363031333633220a2020202020202020202020205d2c0a2020202020202020202020202274617267657448616e646c65223a20227175616e74756d48616e646c6547617465496e7075743130613230393839382d353263662d346533382d623362322d333334393031343930343335222c0a202020202020202020202020226f75747075744964656e746966696572223a2022220a202020202020202020207d2c0a202020202020202020207b0a20202020202020202020202022656467654964223a202237333935643032382d343339662d343263322d616232342d633766383632666532653461222c0a202020202020202020202020226964656e74696669657273223a205b0a20202020202020202020202020202271343434353131220a2020202020202020202020205d2c0a2020202020202020202020202274617267657448616e646c65223a20227175616e74756d48616e646c6547617465496e7075743030613230393839382d353263662d346533382d623362322d333334393031343930343335220a202020202020202020207d0a20202020202020205d2c0a2020202020202020226368696c6472656e223a205b5d2c0a202020202020202022696d706c656d656e746174696f6e223a2022222c0a202020202020202022696d706c656d656e746174696f6e54797065223a2022222c0a202020202020202022756e636f6d70757465496d706c656d656e746174696f6e54797065223a2022222c0a202020202020202022756e636f6d70757465496d706c656d656e746174696f6e223a2022222c0a202020202020202022636f6d706c6574696f6e47756172616e74656564223a20747275652c0a202020202020202022636f6d706163744f7074696f6e73223a205b0a20202020202020202020747275652c0a2020202020202020202066616c73650a20202020202020205d2c0a2020202020202020226964656e74696669657273223a205b0a202020202020202020202271343434353131220a20202020202020205d2c0a202020202020202022696e7075745479706573223a205b0a2020202020202020202022616e79222c0a20202020202020202020227175616e74756d207265676973746572220a20202020202020205d2c0a2020202020202020226f75747075745479706573223a205b5d2c0a202020202020202022706172616d65746572223a202230220a2020202020207d2c0a202020202020227769647468223a203131302c0a20202020202022686569676874223a203131302c0a20202020202022706f736974696f6e4162736f6c757465223a207b0a20202020202020202278223a203537352c0a20202020202020202279223a203534350a2020202020207d2c0a202020202020226472616767696e67223a20747275650a202020207d2c0a202020207b0a202020202020226964223a202266343737613939322d346530652d343230652d393934322d656561316233343830366433222c0a2020202020202274797065223a2022676174654e6f6465222c0a20202020202022706f736974696f6e223a207b0a20202020202020202278223a203735352c0a20202020202020202279223a203231350a2020202020207d2c0a2020202020202264617461223a207b0a2020202020202020226c6162656c223a2022534447222c0a202020202020202022696e70757473223a205b0a202020202020202020207b0a20202020202020202020202022656467654964223a202263306634303165382d616130302d346366362d616661612d386563353131356239626530222c0a202020202020202020202020226964656e74696669657273223a205b0a20202020202020202020202020202271343434353131220a2020202020202020202020205d2c0a2020202020202020202020202274617267657448616e646c65223a20227175616e74756d48616e646c6547617465496e7075743066343737613939322d346530652d343230652d393934322d656561316233343830366433220a202020202020202020207d0a20202020202020205d2c0a2020202020202020226368696c6472656e223a205b5d2c0a202020202020202022696d706c656d656e746174696f6e223a2022222c0a202020202020202022696d706c656d656e746174696f6e54797065223a2022222c0a202020202020202022756e636f6d70757465496d706c656d656e746174696f6e54797065223a2022222c0a202020202020202022756e636f6d70757465496d706c656d656e746174696f6e223a2022222c0a202020202020202022636f6d706c6574696f6e47756172616e74656564223a20747275652c0a202020202020202022636f6d706163744f7074696f6e73223a205b0a20202020202020202020747275652c0a2020202020202020202066616c73650a20202020202020205d2c0a2020202020202020226964656e74696669657273223a205b0a202020202020202020202271343434353131220a20202020202020205d2c0a202020202020202022696e7075745479706573223a205b0a2020202020202020202022616e79220a20202020202020205d2c0a2020202020202020226f75747075745479706573223a205b5d2c0a202020202020202022706172616d65746572223a202230220a2020202020207d2c0a202020202020227769647468223a203131302c0a20202020202022686569676874223a203131302c0a20202020202022706f736974696f6e4162736f6c757465223a207b0a20202020202020202278223a203735352c0a20202020202020202279223a203231350a2020202020207d2c0a202020202020226472616767696e67223a20747275650a202020207d0a20205d2c0a2020226564676573223a205b0a202020207b0a20202020202022736f75726365223a202231636234303239352d366130332d343737362d386134332d366663313661323933373861222c0a20202020202022736f7572636548616e646c65223a20227175616e74756d48616e646c65476174654f75747075743031636234303239352d366130332d343737362d386134332d366663313661323933373861222c0a20202020202022746172676574223a202230613230393839382d353263662d346533382d623362322d333334393031343930343335222c0a2020202020202274617267657448616e646c65223a20227175616e74756d48616e646c6547617465496e7075743030613230393839382d353263662d346533382d623362322d333334393031343930343335222c0a2020202020202274797065223a20227175616e74756d45646765222c0a202020202020226964223a202233313038353664312d653239632d343432322d626461642d356436643132346662306332222c0a202020202020226d61726b6572456e64223a207b0a20202020202020202274797065223a20226172726f77636c6f736564222c0a2020202020202020227769647468223a2032302c0a202020202020202022686569676874223a2032302c0a202020202020202022636f6c6f72223a202223393343354644222c0a20202020202020202268696464656e223a2066616c73650a2020202020207d0a202020207d2c0a202020207b0a20202020202022736f75726365223a202230613230393839382d353263662d346533382d623362322d333334393031343930343335222c0a20202020202022736f7572636548616e646c65223a20227175616e74756d48616e646c65476174654f75747075743030613230393839382d353263662d346533382d623362322d333334393031343930343335222c0a20202020202022746172676574223a202266343737613939322d346530652d343230652d393934322d656561316233343830366433222c0a2020202020202274617267657448616e646c65223a20227175616e74756d48616e646c6547617465496e7075743066343737613939322d346530652d343230652d393934322d656561316233343830366433222c0a2020202020202274797065223a20227175616e74756d45646765222c0a202020202020226964223a202230353032383962612d623363342d346339302d396365362d636366356336623661306364222c0a202020202020226d61726b6572456e64223a207b0a20202020202020202274797065223a20226172726f77636c6f736564222c0a2020202020202020227769647468223a2032302c0a202020202020202022686569676874223a2032302c0a202020202020202022636f6c6f72223a202223393343354644222c0a20202020202020202268696464656e223a2066616c73650a2020202020207d0a202020207d2c0a202020207b0a20202020202022736f75726365223a202266343737613939322d346530652d343230652d393934322d656561316233343830366433222c0a20202020202022736f7572636548616e646c65223a20227175616e74756d48616e646c65476174654f75747075743066343737613939322d346530652d343230652d393934322d656561316233343830366433222c0a20202020202022746172676574223a202230356136643239612d623265392d343464332d396437662d373562636237346136633163222c0a2020202020202274617267657448616e646c65223a20227175616e74756d48616e646c6547617465496e7075743030356136643239612d623265392d343464332d396437662d373562636237346136633163222c0a2020202020202274797065223a20227175616e74756d45646765222c0a202020202020226964223a202266616232393338322d653662342d346664302d613364382d613036636333306432333366222c0a202020202020226d61726b6572456e64223a207b0a20202020202020202274797065223a20226172726f77636c6f736564222c0a2020202020202020227769647468223a2032302c0a202020202020202022686569676874223a2032302c0a202020202020202022636f6c6f72223a202223393343354644222c0a20202020202020202268696464656e223a2066616c73650a2020202020207d0a202020207d2c0a202020207b0a20202020202022736f75726365223a202265626366333730612d666635612d343166652d613732372d663633616234653333616165222c0a20202020202022736f7572636548616e646c65223a20227175616e74756d48616e646c6573746174655072657061726174696f6e4e6f64654f75747075743065626366333730612d666635612d343166652d613732372d663633616234653333616165222c0a20202020202022746172676574223a202230613230393839382d353263662d346533382d623362322d333334393031343930343335222c0a2020202020202274617267657448616e646c65223a20227175616e74756d48616e646c6547617465496e7075743130613230393839382d353263662d346533382d623362322d333334393031343930343335222c0a2020202020202274797065223a20227175616e74756d45646765222c0a202020202020226964223a202266386537306439662d353061632d346161642d613535632d663431643737383862366136222c0a202020202020226d61726b6572456e64223a207b0a20202020202020202274797065223a20226172726f77636c6f736564222c0a2020202020202020227769647468223a2032302c0a202020202020202022686569676874223a2032302c0a202020202020202022636f6c6f72223a202223393343354644222c0a20202020202020202268696464656e223a2066616c73650a2020202020207d0a202020207d2c0a202020207b0a20202020202022736f75726365223a202230356136643239612d623265392d343464332d396437662d373562636237346136633163222c0a20202020202022736f7572636548616e646c65223a20227175616e74756d48616e646c65476174654f75747075743030356136643239612d623265392d343464332d396437662d373562636237346136633163222c0a20202020202022746172676574223a202231343362626636332d633463312d346638652d393630382d353639396666383261366430222c0a2020202020202274617267657448616e646c65223a20227175616e74756d48616e646c654d6561737572656d656e74496e7075743031343362626636332d633463312d346638652d393630382d353639396666383261366430222c0a2020202020202274797065223a20227175616e74756d45646765222c0a202020202020226964223a202266653632363961352d613564652d343564392d616439302d323463383030616663383966222c0a202020202020226d61726b6572456e64223a207b0a20202020202020202274797065223a20226172726f77636c6f736564222c0a2020202020202020227769647468223a2032302c0a202020202020202022686569676874223a2032302c0a202020202020202022636f6c6f72223a202223393343354644222c0a20202020202020202268696464656e223a2066616c73650a2020202020207d0a202020207d2c0a202020207b0a20202020202022736f75726365223a202262353539646231362d613539632d346130662d626536362d313038646166346161323966222c0a20202020202022736f7572636548616e646c65223a20227175616e74756d48616e646c65476174654f75747075743062353539646231362d613539632d346130662d626536362d313038646166346161323966222c0a20202020202022746172676574223a202231636234303239352d366130332d343737362d386134332d366663313661323933373861222c0a2020202020202274617267657448616e646c65223a20227175616e74756d48616e646c6547617465496e7075743031636234303239352d366130332d343737362d386134332d366663313661323933373861222c0a2020202020202274797065223a20227175616e74756d45646765222c0a202020202020226964223a202239346230646133612d616365382d343961392d613335392d633836663666346337333436222c0a202020202020226d61726b6572456e64223a207b0a20202020202020202274797065223a20226172726f77636c6f736564222c0a2020202020202020227769647468223a2032302c0a202020202020202022686569676874223a2032302c0a202020202020202022636f6c6f72223a202223393343354644222c0a20202020202020202268696464656e223a2066616c73650a2020202020207d0a202020207d0a20205d2c0a20202276696577706f7274223a207b0a202020202278223a2033372e352c0a202020202279223a203132372c0a20202020227a6f6f6d223a20302e350a20207d0a7d', 'e75cd51f-baae-4ec8-ac91-0a86c962e6f9');

-- Implementation packages for pattern solutions
INSERT INTO public.implementation_package (dtype, id, description, name, package_type, implementation_id, type) VALUES ('FileImplementationPackage', 'b115d354-ce15-41f2-b439-a5cfac2c85f5', 'low_code_modeler solution for QAOA', 'QAOA low_code_modeler package', 0, '03223c33-7cd2-4496-84c9-c654da405b19', 'low_code_modeler');
INSERT INTO public.implementation_package (dtype, id, description, name, package_type, implementation_id, type) VALUES ('FileImplementationPackage', 'a30f9957-212d-4b2d-8d16-d9cc6909b0d2', 'low_code_modeler solution for Basis Encoding', 'Basis Encoding low_code_modeler package', 0, 'b9450d3c-230f-4509-9ed9-2f95ce69a73c', 'low_code_modeler');
INSERT INTO public.implementation_package (dtype, id, description, name, package_type, implementation_id, type) VALUES ('FileImplementationPackage', '8de4871e-fa9e-4443-829d-0a99cbe141cc', 'low_code_modeler solution for Matrix Encoding', 'Matrix Encoding low_code_modeler package', 0, '25d7c366-1e9b-422a-b31a-d046d2426f35', 'low_code_modeler');
INSERT INTO public.implementation_package (dtype, id, description, name, package_type, implementation_id, type) VALUES ('FileImplementationPackage', 'd6115670-3a14-4039-bdd5-1297fbecbc2b', 'low_code_modeler solution for Schmidt Decomposition', 'Schmidt Decomposition low_code_modeler package', 0, '5a5b3d81-e2b8-42c8-8955-ecca85d9fbe0', 'low_code_modeler');
INSERT INTO public.implementation_package (dtype, id, description, name, package_type, implementation_id, type) VALUES ('FileImplementationPackage', '411b705c-1a6d-4cee-bd34-73e151304dc1', 'low_code_modeler solution for Amplitude Encoding', 'Amplitude Encoding low_code_modeler package', 0, '2778bd5b-4818-43b3-bdd9-226adbaab82d', 'low_code_modeler');
INSERT INTO public.implementation_package (dtype, id, description, name, package_type, implementation_id, type) VALUES ('FileImplementationPackage', 'f8fb0977-1b67-439e-997a-0b9368cbd733', 'low_code_modeler solution for Angle Encoding', 'Angle Encoding low_code_modeler package', 0, 'b92d03a6-4023-49e6-95f5-889b66c0e8e3', 'low_code_modeler');
INSERT INTO public.implementation_package (dtype, id, description, name, package_type, implementation_id, type) VALUES ('FileImplementationPackage', 'd06e1e18-655b-4aed-b4a0-dac2132fc6d2', 'low_code_modeler solution for SWAP Test', 'SWAP Test low_code_modeler package', 0, '7e171909-a31d-465e-a50d-f39e24112323', 'low_code_modeler');
INSERT INTO public.implementation_package (dtype, id, description, name, package_type, implementation_id, type) VALUES ('FileImplementationPackage', 'eff31239-d6db-4a27-93bc-819091bdc873', 'qhana_plugin solution for Quantum Clustering', 'Quantum Clustering qhana_plugin package', 0, '61a59337-853b-4fff-83a8-367946e3c365', 'qhana_plugin');
INSERT INTO public.implementation_package (dtype, id, description, name, package_type, implementation_id, type) VALUES ('FileImplementationPackage', '73d39916-ed39-4b9b-86c2-5ea5f94337b1', 'qhana_plugin solution for Quantum Classification', 'Quantum Classification qhana_plugin package', 0, '14ad80b5-0498-482d-b3b5-d053e349b130', 'qhana_plugin');
INSERT INTO public.implementation_package (dtype, id, description, name, package_type, implementation_id, type) VALUES ('FileImplementationPackage', '3b718d38-501c-4a5f-a188-70b360a48671', 'qhana_plugin solution for Unified Execution', 'Unified Execution qhana_plugin package', 0, '527f3911-6549-4e07-b6a7-e8af1371f277', 'qhana_plugin');
INSERT INTO public.implementation_package (dtype, id, description, name, package_type, implementation_id, type) VALUES ('FileImplementationPackage', '7b9e6712-0e3c-4db2-8a1d-add4617c1c66', 'qhana_plugin solution for Standalone Circuit Execution', 'Standalone Circuit Execution qhana_plugin package', 0, '2c2382ba-b145-4e37-a463-632a7cdd4b16', 'qhana_plugin');
INSERT INTO public.implementation_package (dtype, id, description, name, package_type, implementation_id, type) VALUES ('FileImplementationPackage', '105574a4-e672-4562-985b-f247cba75407', 'qhana_plugin solution for Quantum Hardware Selection', 'Quantum Hardware Selection qhana_plugin package', 0, '2814c4d7-2763-4fd4-ac23-1c1c4c4ca935', 'qhana_plugin');
INSERT INTO public.implementation_package (dtype, id, description, name, package_type, implementation_id, type) VALUES ('FileImplementationPackage', '8603d40d-c7ff-4667-b7dc-690912ac7a9a', 'qhana_plugin solution for Hybrid Module', 'Hybrid Module qhana_plugin package', 0, '40268dc8-1e82-4b6b-8d78-b32f48815d2e', 'qhana_plugin');

INSERT INTO public.implementation_package (dtype, id, description, name, package_type, implementation_id, type) VALUES ('FileImplementationPackage', '44a71586-994c-4611-be9a-f8aa673842e3', 'low_code_modeler solution for Hadamard Test Real', 'Hadamard Test Real low_code_modeler package', 0, 'c2f2b67f-0087-499b-94c9-9747df98999e', 'low_code_modeler');
INSERT INTO public.implementation_package (dtype, id, description, name, package_type, implementation_id, type) VALUES ('FileImplementationPackage', 'a69e70e7-0fb6-425f-ae95-b0f570e15e65', 'low_code_modeler solution for Hadamard Test Imaginary', 'Hadamard Test Imaginary low_code_modeler package', 0, '41cbc632-5404-4320-a277-ae5913ffb0e8', 'low_code_modeler');

-- Link files to implementation packages
INSERT INTO public.implementation_package_file (file_id, implementation_package_id) VALUES ('93ca986a-6bab-4f9b-9c3e-0c22c991f042', 'b115d354-ce15-41f2-b439-a5cfac2c85f5');
INSERT INTO public.implementation_package_file (file_id, implementation_package_id) VALUES ('58e98546-6a3c-464a-b5d6-f19097ab8caf', 'a30f9957-212d-4b2d-8d16-d9cc6909b0d2');
INSERT INTO public.implementation_package_file (file_id, implementation_package_id) VALUES ('13347270-1e8f-432f-9930-1d43f3520b13', '8de4871e-fa9e-4443-829d-0a99cbe141cc');
INSERT INTO public.implementation_package_file (file_id, implementation_package_id) VALUES ('097f2afb-b5e0-489c-bf8b-25aa435f1f17', 'd6115670-3a14-4039-bdd5-1297fbecbc2b');
INSERT INTO public.implementation_package_file (file_id, implementation_package_id) VALUES ('c65cb7ab-51ee-4078-ad2b-d1aefa067ab4', '411b705c-1a6d-4cee-bd34-73e151304dc1');
INSERT INTO public.implementation_package_file (file_id, implementation_package_id) VALUES ('d3a347ed-ba0e-4945-9b1e-50514c09ef57', 'f8fb0977-1b67-439e-997a-0b9368cbd733');
INSERT INTO public.implementation_package_file (file_id, implementation_package_id) VALUES ('f9d04d26-80f7-464c-95e1-9b87a738e8f0', 'd06e1e18-655b-4aed-b4a0-dac2132fc6d2');
INSERT INTO public.implementation_package_file (file_id, implementation_package_id) VALUES ('38238b94-61ee-41f3-8b19-bb63f178a5fe', 'eff31239-d6db-4a27-93bc-819091bdc873');
INSERT INTO public.implementation_package_file (file_id, implementation_package_id) VALUES ('9fed54f5-edbd-49f6-a5fb-721a6e20d702', '73d39916-ed39-4b9b-86c2-5ea5f94337b1');
INSERT INTO public.implementation_package_file (file_id, implementation_package_id) VALUES ('c46652b7-e626-4d3d-ac81-8a33d3207bb3', '3b718d38-501c-4a5f-a188-70b360a48671');
INSERT INTO public.implementation_package_file (file_id, implementation_package_id) VALUES ('297705dd-bbd1-40fb-b488-93a0a2479485', '7b9e6712-0e3c-4db2-8a1d-add4617c1c66');
INSERT INTO public.implementation_package_file (file_id, implementation_package_id) VALUES ('38a07846-752f-47ec-90e5-274143586904', '105574a4-e672-4562-985b-f247cba75407');
INSERT INTO public.implementation_package_file (file_id, implementation_package_id) VALUES ('71e50784-3c73-4a29-805c-b901cc2901a5', '8603d40d-c7ff-4667-b7dc-690912ac7a9a');
INSERT INTO public.implementation_package_file (file_id, implementation_package_id) VALUES ('3148c756-c9bd-487a-a7b4-365924ef7cb0', '44a71586-994c-4611-be9a-f8aa673842e3');
INSERT INTO public.implementation_package_file (file_id, implementation_package_id) VALUES ('e75cd51f-baae-4ec8-ac91-0a86c962e6f9', 'a69e70e7-0fb6-425f-ae95-b0f570e15e65');

-- Register flow-1772032212859.json
INSERT INTO public.knowledge_artifact (id, creation_date, last_modified_at) VALUES ('f467598e-03d1-4eaf-a043-a2a1ffcba7b7', NULL, NULL);
INSERT INTO public.knowledge_artifact (id, creation_date, last_modified_at) VALUES ('e2afddb8-000f-4891-be8b-d527089beac9', NULL, NULL);
INSERT INTO public.knowledge_artifact (id, creation_date, last_modified_at) VALUES ('b88a4b09-bc99-4728-bf1a-ccd517076983', NULL, NULL);
INSERT INTO public.algorithm (name, id) VALUES ('QML Implementation', 'f467598e-03d1-4eaf-a043-a2a1ffcba7b7');
INSERT INTO public.quantum_algorithm (nisq_ready, quantum_computation_model, id) VALUES (false, 0, 'f467598e-03d1-4eaf-a043-a2a1ffcba7b7');
INSERT INTO public.implementation (name, id, implemented_algorithm_id) VALUES ('Quantum Clustering low-code solution', 'e2afddb8-000f-4891-be8b-d527089beac9', 'f467598e-03d1-4eaf-a043-a2a1ffcba7b7');
INSERT INTO public.pattern_uris (implementation_id, pattern_uri) VALUES ('e2afddb8-000f-4891-be8b-d527089beac9', 'pattern-languages/7294c3f2-cb67-492a-8a16-c7384eb9bac2');
INSERT INTO public.file (fileurl, mime_type, name, id) VALUES ('flow-1772032212859.json', 'application/json', 'flow-1772032212859.json', 'b88a4b09-bc99-4728-bf1a-ccd517076983');
INSERT INTO public.file_data (id, data, file_id) VALUES ('f625d1e7-4b48-4f8f-9cf0-6e76a727e958', '\x7b0a2020226d65746164617461223a207b0a202020202276657273696f6e223a2022312e302e30222c0a20202020226e616d65223a20224d79204d6f64656c222c0a20202020226465736372697074696f6e223a2022546869732069732061206d6f64656c2e222c0a2020202022617574686f72223a2022222c0a2020202022636f6e7461696e73506c616365686f6c646572223a2066616c73652c0a20202020226964223a2022666c6f772d31373732303332323132383539222c0a202020202274696d657374616d70223a2022323032362d30322d32355431353a31303a31322e3835395a220a20207d2c0a202022666c6f77223a207b0a20202020226e6f646573223a205b0a2020202020207b0a2020202020202020226964223a202236613365636131382d623737382d343062642d613764642d656137383966626531366630222c0a20202020202020202274797065223a2022676174654e6f6465222c0a202020202020202022706f736974696f6e223a207b0a202020202020202020202278223a203231302c0a202020202020202020202279223a203139350a20202020202020207d2c0a20202020202020202264617461223a207b0a20202020202020202020226c6162656c223a202251756269742043697263756974222c0a2020202020202020202022696e70757473223a205b5d2c0a20202020202020202020226368696c6472656e223a205b5d2c0a2020202020202020202022696d706c656d656e746174696f6e223a2022222c0a2020202020202020202022696d706c656d656e746174696f6e54797065223a2022222c0a2020202020202020202022756e636f6d70757465496d706c656d656e746174696f6e54797065223a2022222c0a2020202020202020202022756e636f6d70757465496d706c656d656e746174696f6e223a2022222c0a2020202020202020202022636f6d706c6574696f6e47756172616e74656564223a20747275652c0a2020202020202020202022636f6d706163744f7074696f6e73223a205b0a202020202020202020202020747275652c0a20202020202020202020202066616c73650a202020202020202020205d2c0a20202020202020202020226964656e74696669657273223a205b0a2020202020202020202020202271393337303533220a202020202020202020205d2c0a2020202020202020202022696e7075745479706573223a205b5d2c0a20202020202020202020226f75747075745479706573223a205b5d2c0a2020202020202020202022706172616d65746572223a202230220a20202020202020207d2c0a2020202020202020227769647468223a203131302c0a202020202020202022686569676874223a203131302c0a20202020202020202268696464656e223a2066616c73652c0a202020202020202022706f736974696f6e4162736f6c757465223a207b0a202020202020202020202278223a203231302c0a202020202020202020202279223a203139350a20202020202020207d0a2020202020207d2c0a2020202020207b0a2020202020202020226964223a202231633734353832642d656438612d343333342d626139342d383162643363326361323034222c0a20202020202020202274797065223a2022676174654e6f6465222c0a202020202020202022706f736974696f6e223a207b0a202020202020202020202278223a203439352c0a202020202020202020202279223a203231300a20202020202020207d2c0a20202020202020202264617461223a207b0a20202020202020202020226c6162656c223a202248222c0a2020202020202020202022696e70757473223a205b0a2020202020202020202020207b0a2020202020202020202020202020226964223a202236613365636131382d623737382d343062642d613764642d656137383966626531366630222c0a202020202020202020202020202022656467654964223a202230643861376239342d393037382d346439322d396638352d396331326364656238323933222c0a2020202020202020202020202020226964656e74696669657273223a205b0a202020202020202020202020202020202271393337303533220a20202020202020202020202020205d2c0a20202020202020202020202020202274617267657448616e646c65223a20227175616e74756d48616e646c6547617465496e7075743031633734353832642d656438612d343333342d626139342d383162643363326361323034220a2020202020202020202020207d0a202020202020202020205d2c0a20202020202020202020226368696c6472656e223a205b5d2c0a2020202020202020202022696d706c656d656e746174696f6e223a2022222c0a2020202020202020202022696d706c656d656e746174696f6e54797065223a2022222c0a2020202020202020202022756e636f6d70757465496d706c656d656e746174696f6e54797065223a2022222c0a2020202020202020202022756e636f6d70757465496d706c656d656e746174696f6e223a2022222c0a2020202020202020202022636f6d706c6574696f6e47756172616e74656564223a20747275652c0a2020202020202020202022636f6d706163744f7074696f6e73223a205b0a202020202020202020202020747275652c0a20202020202020202020202066616c73650a202020202020202020205d2c0a20202020202020202020226964656e74696669657273223a205b0a2020202020202020202020202271393337303533220a202020202020202020205d2c0a2020202020202020202022696e7075745479706573223a205b0a20202020202020202020202022616e79220a202020202020202020205d2c0a20202020202020202020226f75747075745479706573223a205b5d2c0a2020202020202020202022706172616d65746572223a202230220a20202020202020207d2c0a2020202020202020227769647468223a203131302c0a202020202020202022686569676874223a203131302c0a20202020202020202268696464656e223a2066616c73652c0a202020202020202022706f736974696f6e4162736f6c757465223a207b0a202020202020202020202278223a203439352c0a202020202020202020202279223a203231300a20202020202020207d0a2020202020207d0a202020205d2c0a20202020226564676573223a205b0a2020202020207b0a202020202020202022736f75726365223a202236613365636131382d623737382d343062642d613764642d656137383966626531366630222c0a202020202020202022736f7572636548616e646c65223a20227175616e74756d48616e646c65476174654f75747075743036613365636131382d623737382d343062642d613764642d656137383966626531366630222c0a202020202020202022746172676574223a202231633734353832642d656438612d343333342d626139342d383162643363326361323034222c0a20202020202020202274617267657448616e646c65223a20227175616e74756d48616e646c6547617465496e7075743031633734353832642d656438612d343333342d626139342d383162643363326361323034222c0a20202020202020202274797065223a20227175616e74756d45646765222c0a2020202020202020226964223a202230643861376239342d393037382d346439322d396638352d396331326364656238323933222c0a2020202020202020226d61726b6572456e64223a207b0a202020202020202020202274797065223a20226172726f77636c6f736564222c0a20202020202020202020227769647468223a2032302c0a2020202020202020202022686569676874223a2032302c0a2020202020202020202022636f6c6f72223a202223393343354644222c0a202020202020202020202268696464656e223a2066616c73650a20202020202020207d2c0a20202020202020202268696464656e223a2066616c73650a2020202020207d0a202020205d2c0a202020202276696577706f7274223a207b0a2020202020202278223a202d31342e3630313134303134303238303339332c0a2020202020202279223a203132342e35333238363032303634343436342c0a202020202020227a6f6f6d223a20302e373336333738333032323934363139310a202020207d0a20207d0a7d', 'b88a4b09-bc99-4728-bf1a-ccd517076983');
INSERT INTO public.implementation_package (dtype, id, description, name, package_type, implementation_id, type)
VALUES ('FileImplementationPackage', 'd8b155b3-c35d-4bdf-9dd5-00eed1f3d6fa', 'Quantum Clustering solution', 'Pattern low_code_modeler package', 0, 'e2afddb8-000f-4891-be8b-d527089beac9', 'low_code_modeler');
INSERT INTO public.implementation_package_file (file_id, implementation_package_id)
VALUES ('b88a4b09-bc99-4728-bf1a-ccd517076983', 'd8b155b3-c35d-4bdf-9dd5-00eed1f3d6fa');
